"Marca temporal","Dirección de correo electrónico","¿Cuál es el nombre de su encuestadxr?","SD_01. ¿Usted se encuentra cursando la carrera de antropología?
","SD_02. Se entiende identidad de género como la vivencia interna e individual del género tal como cada persona la siente profundamente, la cual podría corresponder o no con el sexo asignado al momento del nacimiento. Así, por un lado las personas cigénero se identifican con la identidad de género que les asignaron al nacer y no buscan transitar de género. Y por otro lado, las personas trans no se identifican con la identidad de género que les asignaron al nacer y por lo tanto transitan de género para manifestar el que realmente les identifica
Según estas definiciones ¿Cuál es su identidad de género?","SD_03. ¿Qué edad tiene?","SD_04. ¿En qué año ingresó a la carrera?","SD_05. ¿En qué comuna reside?","SD_06. En la sociedad, comúnmente, existen distintos grupos o clases sociales. Las personas de clase social alta son las que tienen los ingresos más altos, el mayor nivel de educación y los trabajos más valorados. Las personas de clase social baja son las que tienen los ingresos más bajos, el menor nivel de educación y los trabajos menos valorados. Entre estas clases existen otras intermedias. Según su opinión, a cuál de los siguientes grupos o clases sociales pertenece usted:","SD_07. Indique el máximo nivel educativo completado obtenido por su padre (o figura paterna).","SD_08. Indique el máximo nivel educativo completado obtenido por su madre (o figura materna).
","SD_09. Indique el último tipo de establecimiento educativo que USTED asistió al realizar su enseñanza media","EA_01. ¿Cuántas horas dedica aproximadamente al estudio y a la realización de trabajos universitarios fuera del aula por cada día una semana hábil? (esto es: de lunes a viernes).
 Por ejemplo, si lunes y martes suelo estudiar más o menos 3 horas, miércoles 5 horas y, finalmente jueves y viernes suelo estudiar 2 horas, el total de horas es 15. Dividido por 15 por 5, me da 3. Debería marcar la alternativa b (3 o 4 horas)","EA_02. ¿Cuántas horas dedica aproximadamente al estudio cada día, a lo largo del fin de semana? (sábado y domingo)","EA_03. ¿Cómo describiría su carga académica actual?","EA_04. En el último semestre finalizado ¿Aproximadamente qué promedio de notas ha obtenido? Considere el último semestre finalizado como el segundo semestre del año 2023.
","EA_05. ¿Qué tan satisfecho está con tu rendimiento académico en el último semestre finalizado? Considere el último semestre finalizado como el segundo semestre del año 2023.","EA_06. En una escala del 1 al 5, donde 1 es ""mínimo estrés"" y 5 es ""máximo estrés"", ¿Cómo calificaría su nivel de estrés en la universidad en el último semestre finalizado?","EA_07. ¿En qué medidas el estrés afecta su rendimiento académico?","EA_08. ¿Puede identificar por sí mismo cuando se siente estresado debidos a factores relacionados con el ámbito universitario?","EA_09. Cuando está en periodos de evaluaciones académicas ¿ha tenido alguno de estos síntomas? (Seleccione TODAS las alternativas que correspondan con su caso)","EA_10. ¿Qué estrategias utiliza con mayor frecuencia para manejar el estrés académico? (Seleccione TODAS las alternativas que correspondan con su caso)","RE_01. ¿Cómo califica su creencia de un ser supremo o deidades?","RE_02. ¿Cuál es su afiliación religiosa o creencia espiritual? (Selecciona una opción)","RE_03. ¿Con qué frecuencia acude a su religión o a instancias en dónde conectes con tu espiritualidad? (rezo, oración, meditación u otro).","RE_04. ¿Asiste con regularidad a algún lugar destinado al culto religioso?","RE_05. ¿Consideras que hay una influencia de la religión o la espiritualidad en SUS decisiones éticas y morales que toma en su vida cotidiana?","RS_01. ¿Cuántas horas al día pasa en redes sociales? (Debes considerar la suma de todas las redes sociales que utilices)","RS_02. ¿Cuáles son las principales razones por las que utiliza redes sociales? Seleccione TODAS las alternativas que correspondan con su caso.","RS_03. ¿Experimenta una sensación de “necesidad” o “expectativa social” de mantener una presencia activa en sus redes sociales mediante la publicación de fotos, videos, etcétera?","RS_04.  ¿Cómo gestiona el estrés relacionado con el uso de redes sociales?","RS_05. ¿Qué red social sueles ocupar con mayor frecuencia? Seleccione una única respuesta.","RS_06. ¿Cuál es la SEGUNDA red social que sueles ocupar con frecuencia?","TO_01. ¿Cuánto tiempo libre considera que ha tenido por semana para dedicarse a actividades fuera del ámbito universitario? (Considere actividades fuera del ámbito universitario tales como deporte, entretenimiento, salidas, fiestas, etc.)
","TO_02. Considere esta definición de ocio antes de contestar ésta y las siguientes preguntas: “El ocio se puede entender como el tiempo del que dispone una persona para distraerse e idealmente disfrutar de un momento agradable en su agenda personal o tiempo libre”. Tales como salir tener vida social, hacer deporte o prácticas de consumo o participación cultural (leer, escuchar o tocar música, estar en internet). Excluya trabajo y estudio.

Ahora que ya comprende a qué se refiere el ocio en esta encuesta, responda: ¿Cuántos días a la semana (incluyendo semana y fin semana) realiza actividades de ocio?","TO_03.  ¿Administra su tiempo de forma óptima para equilibrar tus obligaciones académicas con las actividades de ocio?","TO_04. ¿Cuáles de estas actividades prefiere realizar en su tiempo de ocio? Seleccione un máximo de 3 alternativas","TO_05. ¿Forma parte de un club, colectivo o taller donde se realicen actividades las actividades previamente mencionadas?","TO_06. ¿Qué tan importante es para usted el tiempo dedicado a actividades de ocio?","MA_01. En una escala del 1-10 siendo el 10 el mayor nivel de información y el 1 el menor
¿Qué tan informado se encuentra con respecto a la problemática del exceso de basura en las calles?","MA_02. En una escala del 1 al 10, ¿Qué tan interesado estaría en participar en actividades educativas que amplíen su conocimiento sobre gestión de residuos y problemas relacionados?","MA_03. ¿Ha participado en algún grupo, organización o proyecto ecológicos relacionados con el cuidado y preservación del medio ambiente?","MA_04.  ¿Ha participado en eventos o actividades comunitarias relacionadas a la difusión de información con respecto a los problemas medioambientales dentro de los últimos tres meses meses? Tales como charlas, ferias ecológicas, talleres prácticos o campañas específicas?","MA_05.   ¿Con qué frecuencia adquiere productos sostenibles o amigables con el medio ambiente, teniendo en cuenta la reducción de residuos generados por sus envases? Ttales como botellas reciclables, productos a granel, empaques minimalistas o envases reciclables.","CM_01. Aproximadamente ¿Con qué frecuencia suele escuchar música durante la semana? Seleccione una única respuesta.
(Considere cada numero como la cantidad de días que escucha música)","CM_02.   Aproximadamente ¿Cuántas horas al día escucha música? Seleccione una única respuesta.","CM_03.  ¿Qué género musical suele escuchar con frecuencia? Seleccione una única respuesta.","CM_04.  ¿Cuál es el segundo género musical que suele escuchar con frecuencia? Seleccione una única respuesta.","CM_05.  ¿Dónde suele escuchar música habitualmente? Seleccione más de una alternativa si corresponde. 
","CM_06. ¿Qué tan importante es la música para ti en su día a día? Seleccione una única respuesta"
2024-05-02 19:05:17.535,NA,NA,"Sí","Hombre cisgénero","23.0",2022,"Lampa","Clase social baja","Educación Media","Técnico Nivel Superior (Carreras 1 a 3 años)","Particular subvencionado","3 o 4 horas al día","Más de 7 horas por día","Pesada","62.0","Insatisfecho",4,"Mucho","Si, se identificar cuando estoy estresado debido a la universidad","Dolores de Cabeza, Tensión o dolor muscular, Dolor en el pecho, Fatiga, Problemas de sueño, Irritabilidad o enojo, Diarrea, Cambios en el apetito, Problemas dermatológicos, Tics Nerviosos","Técnicas de relajación (como de respiración o relajación muscular), Organización y planificación del tiempo, Apoyo social (hablar con amigos/familia), Participar en otras actividades creativas (música, arte, escritura)","Creencia firme","No tengo una afiliación religiosa, pero si me considero una persona espiritual (por ejemplo, creo en las energías).","A diario.","Sí, asisto","Moderadamente influyente","Entre 3 a 4 horas","Mantenerse en contacto con amigos y familiares, Consumir contenido de entretenimiento (humor, arte, cultura), Obtener información de noticias y eventos, Participar en grupos o comunidades de interés (Ej: Grupo de Instagram de fans de Los Bunkers)","No","Desconectándome temporalmente","Instagram","WhatsApp","Poco tiempo.","1 a 2 veces.","No, no administro mi tiempo de manera óptima cuando tengo muchas obligaciones académicas.","Leer. y/o Escribir, Ver series y / o películas., Salir con amigos / familia.","No, las realizo de forma individual","Importante.",1,2,"No","No","Alta frecuencia (usualmente todos mis productos)",7,"Más de 7 horas.","Jazz","Boleros","En el transporte público, En otros lugares","Muy importante"
2024-05-02 20:51:17.572,NA,NA,"Sí","Mujer cisgénero","20.0",2022,"Puente Alto","Clase social media","Profesional (Carreras 4 o más años)","Técnico Nivel Superior (Carreras 1 a 3 años)","Particular subvencionado","3 o 4 horas al día","3 o 4 horas al día","Moderada","5.5","Insatisfecho",4,"Bastante","Si, se identificar cuando estoy estresado debido a la universidad","Dolores de Cabeza, Tensión o dolor muscular, Fatiga, Problemas de sueño, Irritabilidad o enojo, Cambios en el apetito, Tics Nerviosos","Ejercicio físico, Apoyo social (hablar con amigos/familia), Consulta con un profesional de salud mental, Participar en otras actividades creativas (música, arte, escritura)","Creencia moderada","Pagana","Al menos una vez a la semana. Cuando siento la necesidad.","No, no he asistido","Moderadamente influyente","Entre 3 a 4 horas","Mantenerse en contacto con amigos y familiares, Consumir contenido de entretenimiento (humor, arte, cultura)","No","No me estresa","Instagram","WhatsApp","Suficiente tiempo.","Más de 6.","A veces, intento encontrar un equilibrio, pero no siempre lo logro.","Leer. y/o Escribir, Escuchar música., Salir con amigos / familia.","No, las realizo de forma individual","Muy importante.",7,9,"No","Sí","Frecuencia moderada (de 2 a 3 veces por semana)",7,"Entre 1 a 2 horas.","Rock","Electrónica","En su casa o de familiares., En el transporte público, En el lugar de estudio","Muy importante"
2024-05-02 20:59:31.813,NA,NA,"Sí","Hombre cisgénero","22.0",2022,"Peñalolén","Clase social media","Educación Media","Educación Media","Particular","1 o 2 horas al día","3 o 4 horas al día","Moderada","57.0","Satisfecho",1,"Poco","Si, se identificar cuando estoy estresado debido a la universidad","No he experimentado síntomas físicos","Carretear, entrenar y tocar guitarra","No creencias","Ateo","No mantengo prácticas relacionadas a lo espiritual o lo religioso.","No, no he asistido","No influyente en absoluto","Entre 1 a 2 horas","Mantenerse en contacto con amigos y familiares, Consumir contenido de entretenimiento (humor, arte, cultura), Seguir a marcas, celebridades, artistas (músicos/as, actores/actrices, humoristas) o deportistas., Obtener información de noticias y eventos","No","No me estresa","Instagram","WhatsApp","Suficiente tiempo.","Más de 6.","No estoy seguro(a) / No aplica a mi situación.","Tocar música.","No, las realizo de forma individual","Muy importante.",1,1,"No","No","Frecuencia moderada (de 2 a 3 veces por semana)",7,"Entre 3 a 4 horas.","Metal","New Wave","En su casa o de familiares., En el transporte público, En el lugar de estudio, En otros lugares","Muy importante"
2024-05-02 21:04:24.946,NA,NA,"Sí","Hombre cisgénero","24.0",2022,"Santiago Centro","Clase social media - baja","Educación Media Técnica Profesional","Educación Media","Público","3 o 4 horas al día","5 o 6 horas por días","Moderada","5.4","Insatisfecho",3,"Moderado","A veces, dependiendo de la situación puedo o no identificar si estoy estresado por la universidad.","Dolores de Cabeza, Problemas de sueño","Ejercicio físico, Tomar descansos regulares","Escéptico","Agnóstico","No mantengo prácticas relacionadas a lo espiritual o lo religioso.","No, no he asistido","No influyente en absoluto","4 horas o más","Mantenerse en contacto con amigos y familiares, Consumir contenido de entretenimiento (humor, arte, cultura), Obtener información de noticias y eventos","No","Desconectándome temporalmente","Youtube","Facebook","Poco tiempo.","3 a 4 veces.","A veces, intento encontrar un equilibrio, pero no siempre lo logro.","Jugar videojuegos., Escuchar música., Tocar música.","No, las realizo de forma individual","Muy importante.",5,7,"No","No","Baja frecuencia (1 vez a la semana)",7,"Más de 7 horas.","Reggaetón malianteo flamenco vaquillacore","raw underground death metal tecno-terrorista","En su casa o de familiares., En casa de amigos., En el lugar de estudio, En otros lugares","Muy importante"
2024-05-03 10:36:03.698,NA,NA,"Sí","Hombre cisgénero","24.0",2021,"Huechuraba","Clase social media - alta","Magíster o maestría","Profesional (Carreras 4 o más años)","Particular","1 o 2 horas al día","1 o 2 horas al día","Moderada","5.5","Insatisfecho",4,"Bastante","A veces, dependiendo de la situación puedo o no identificar si estoy estresado por la universidad.","Problemas de sueño, Irritabilidad o enojo, Cambios en el apetito, Tics Nerviosos","Organización y planificación del tiempo, Consulta con un profesional de salud mental, Tomar descansos regulares","No creencias","Ateo","No mantengo prácticas relacionadas a lo espiritual o lo religioso.","No, no he asistido","Moderadamente influyente","Entre 1 a 2 horas","Mantenerse en contacto con amigos y familiares, Consumir contenido de entretenimiento (humor, arte, cultura)","No","Desconectándome temporalmente","WhatsApp","YouTube","Suficiente tiempo.","3 a 4 veces.","No, no administro mi tiempo de manera óptima cuando tengo muchas obligaciones académicas.","Jugar videojuegos., Salir con amigos / familia.","No, las realizo de forma individual","Muy importante.",5,2,"No","No","Baja frecuencia (1 vez a la semana)",6,"Entre 1 a 2 horas.","Rock","Trap","En el transporte público","Importante"
2024-05-03 16:56:41.477,"rtoro@alumnos.uahurtado.cl",NA,"Sí","Hombre cisgénero","23.0",2020,"Quinta Normal","Clase social media","Educación Media","Profesional (Carreras 4 o más años)","Particular subvencionado","3 o 4 horas al día","1 o 2 horas al día","Moderada","5.8","Satisfecho",4,"Mucho","Si, se identificar cuando estoy estresado debido a la universidad","Dolores de Cabeza, Tensión o dolor muscular, Dolor en el pecho, Problemas de sueño, Irritabilidad o enojo, Diarrea, Cambios en el apetito, Problemas dermatológicos, Sudoración excesiva","Técnicas de relajación (como de respiración o relajación muscular), Apoyo social (hablar con amigos/familia), Tomar descansos regulares, Participar en otras actividades creativas (música, arte, escritura)","No creencias","Ateo","No mantengo prácticas relacionadas a lo espiritual o lo religioso.","No, no he asistido","No influyente en absoluto","Entre 1 a 2 horas","Mantenerse en contacto con amigos y familiares, Consumir contenido de entretenimiento (humor, arte, cultura), Seguir a instituciones o personas del mundo académico o científico","No","Desconectándome temporalmente","Instagram","Facebook","Suficiente tiempo.","3 a 4 veces.","A veces, intento encontrar un equilibrio, pero no siempre lo logro.","Jugar videojuegos., Escuchar música., Salir con amigos / familia.","No, las realizo de forma individual","Muy importante.",8,7,"No","No","Frecuencia moderada (de 2 a 3 veces por semana)",5,"Entre 1 a 2 horas.","Punk","Reggaetón","En su casa o de familiares., En casa de amigos., En otros lugares","Muy importante"
2024-05-03 17:04:46.951,"casegura@alumnos.uahurtado.cl",NA,"Sí","Mujer cisgénero","21.0",2022,"La Granja","Clase social media - baja","Educación Media Técnica Profesional","Técnico Nivel Superior (Carreras 1 a 3 años)","Particular subvencionado","3 o 4 horas al día","3 o 4 horas al día","Pesada","6.2","Satisfecho",4,"Bastante","Si, se identificar cuando estoy estresado debido a la universidad","Dolores de Cabeza, Tensión o dolor muscular, Dolor en el pecho, Problemas de sueño, Irritabilidad o enojo, Cambios en el apetito, Problemas dermatológicos, Tics Nerviosos","Técnicas de relajación (como de respiración o relajación muscular), Organización y planificación del tiempo, Apoyo social (hablar con amigos/familia), Tomar descansos regulares, Participar en otras actividades creativas (música, arte, escritura), Danza, escribir cosas que me gustan (poemas) o leer mis libros","Creencia moderada","No tengo una afiliación religiosa, pero si me considero una persona espiritual (por ejemplo, creo en las energías).","Al menos una vez a la semana. Cuando siento la necesidad.","No, no he asistido","Moderadamente influyente","Entre 3 a 4 horas","Mantenerse en contacto con amigos y familiares, Consumir contenido de entretenimiento (humor, arte, cultura), Seguir a marcas, celebridades, artistas (músicos/as, actores/actrices, humoristas) o deportistas., Obtener información de noticias y eventos, Seguir a instituciones o personas del mundo académico o científico,","No","Desconectándome temporalmente","Instagram","Pinterest","Poco tiempo.","3 a 4 veces.","A veces, intento encontrar un equilibrio, pero no siempre lo logro.","Ver series y / o películas., Escuchar música., Salir con amigos / familia., Escuchar Podcast","No, las realizo de forma individual","Importante.",7,7,"No","No","Frecuencia moderada (de 2 a 3 veces por semana)",7,"Entre 3 a 4 horas.","R&B","Boleros","En su casa o de familiares., En el transporte público","Muy importante"
2024-05-04 09:25:46.315,"postalveraniega@gmail.com","Antonia Leiva","Sí","Mujer cisgénero","21 años",2023,"Buin","Clase social media","Profesional (Carreras 4 o más años)","Educación Media","Público","3 o 4 horas al día","3 o 4 horas al día","Pesada","6.0","Satisfecho",5,"Mucho","Si, se identificar cuando estoy estresado debido a la universidad","Dolores de Cabeza, Dolor en el pecho, Problemas de sueño, Irritabilidad o enojo, Cambios en el apetito","Organización y planificación del tiempo, Participar en otras actividades creativas (música, arte, escritura)","No creencias","No tengo una afiliación religiosa, pero si me considero una persona espiritual (por ejemplo, creo en las energías).","No mantengo prácticas relacionadas a lo espiritual o lo religioso.","No, no he asistido","Menos influyente","Entre 3 a 4 horas","Mantenerse en contacto con amigos y familiares, Compartir mi propia vida y experiencias, Consumir contenido de entretenimiento (humor, arte, cultura), Obtener información de noticias y eventos","No","Desconectándome temporalmente","Instagram","WhatsApp","Poco tiempo.","1 a 2 veces.","A veces, intento encontrar un equilibrio, pero no siempre lo logro.","Leer. y/o Escribir, Ver series y / o películas., Salir con amigos / familia.","Sí, con un instructor o grupo","Muy importante.",2,4,"No","No","Baja frecuencia (1 vez a la semana)",7,"Entre 1 a 2 horas.","Reggaetón","R&B","En el transporte público","Muy importante"
2024-05-05 12:28:30.204,"jaarriagada@alumnos.uahurtado.cl","Joaquín Castillo","Sí","Mujer cisgénero","23 años",2022,"Maipú","Clase social media","Profesional (Carreras 4 o más años)","Educación Media Técnica Profesional","Particular subvencionado","1 o 2 horas al día","3 o 4 horas al día","Moderada","5.7","Muy satisfecho",4,"Bastante","Si, se identificar cuando estoy estresado debido a la universidad","Tensión o dolor muscular, Dolor en el pecho, Problemas de sueño, Irritabilidad o enojo","Ejercicio físico, Organización y planificación del tiempo, Apoyo social (hablar con amigos/familia), Tomar descansos regulares, Participar en otras actividades creativas (música, arte, escritura)","Escéptico","Agnóstico","No mantengo prácticas relacionadas a lo espiritual o lo religioso.","No, no he asistido","Moderadamente influyente","Entre 3 a 4 horas","Mantenerse en contacto con amigos y familiares, Compartir mi propia vida y experiencias, Consumir contenido de entretenimiento (humor, arte, cultura), Seguir a marcas, celebridades, artistas (músicos/as, actores/actrices, humoristas) o deportistas., Obtener información de noticias y eventos, Seguir a políticos/as o activistas sociales, Seguir a instituciones o personas del mundo académico o científico, Participar en grupos o comunidades de interés (Ej: Grupo de Instagram de fans de Los Bunkers)","A veces","Desconectándome temporalmente","Instagram","WhatsApp","Suficiente tiempo.","3 a 4 veces.","A veces, intento encontrar un equilibrio, pero no siempre lo logro.","Jugar videojuegos., Escuchar música., Practicar deporte / ejercitarse.","Sí, con un instructor o grupo","Muy importante.",5,7,"Si","No","Baja frecuencia (1 vez a la semana)",7,"Entre 1 a 2 horas.","Rock","Pop","En su casa o de familiares., En el transporte público","Muy importante"
2024-05-05 13:03:05.06,"isidorabesa17@gmail.com","Mariana Pérez","Sí","Mujer cisgénero","24.0",2020,"Quilicura","Clase social media - baja","Técnico Nivel Superior (Carreras 1 a 3 años)","Educación Media","Público","1 o 2 horas al día","3 o 4 horas al día","Pesada","60.0","Muy satisfecho",3,"Mucho","A veces, dependiendo de la situación puedo o no identificar si estoy estresado por la universidad.","Dolores de Cabeza, Tensión o dolor muscular, Dolor en el pecho, Fatiga, Problemas de sueño, Irritabilidad o enojo, Diarrea, Cambios en el apetito, Problemas dermatológicos, Sudoración excesiva, Tics Nerviosos","Organización y planificación del tiempo, Apoyo social (hablar con amigos/familia), Tomar descansos regulares","Creencia moderada","deísmo","Varias veces a la semana.","No, no he asistido","Moderadamente influyente","Entre 1 a 2 horas","Mantenerse en contacto con amigos y familiares, Compartir mi propia vida y experiencias, Consumir contenido de entretenimiento (humor, arte, cultura)","No","Desconectándome temporalmente","TikTok","Instagram","Suficiente tiempo.","Más de 6.","A veces, intento encontrar un equilibrio, pero no siempre lo logro.","Leer. y/o Escribir, Jugar videojuegos., Escuchar música., Bailar y/o Cantar","Sí, con un instructor o grupo","Muy importante.",5,7,"Si","Sí","Alta frecuencia (usualmente todos mis productos)",7,"Entre 3 a 4 horas.","Hip-Hop, Rap, Freestyle","Folklore","En su casa o de familiares., En casa de amigos., En el transporte público, En el lugar de estudio, En otros lugares","Muy importante"
2024-05-05 13:35:33.061,"crspcristina@gmail.com","Joaquín","Sí","Mujer cisgénero","20.0",2023,"Puente Alto","Clase social media","Profesional (Carreras 4 o más años)","Educación Media","Particular subvencionado","3 o 4 horas al día","3 o 4 horas al día","Pesada","4.9","Insatisfecho",3,"Moderado","Si, se identificar cuando estoy estresado debido a la universidad","Dolores de Cabeza, Problemas de sueño, Problemas dermatológicos","Ejercicio físico, Tomar descansos regulares","Creencia firme","Catolico","Varias veces a la semana.","No, no he asistido","Moderadamente influyente","Entre 1 a 2 horas","Consumir contenido de entretenimiento (humor, arte, cultura), Obtener información de noticias y eventos","No","No me estresa","TikTok","Instagram","Poco tiempo.","3 a 4 veces.","A veces, intento encontrar un equilibrio, pero no siempre lo logro.","Leer. y/o Escribir, Ver series y / o películas., Escuchar música.","No, las realizo de forma individual","Importante.",4,6,"Si","No","Frecuencia moderada (de 2 a 3 veces por semana)",5,"Entre 1 a 2 horas.","Rock","Britpop","En su casa o de familiares., En el transporte público","Importante"
2024-05-05 14:16:56.612,"anto.sofy12@gmail.com","Antonia","Sí","Mujer cisgénero","22.0",2022,"La Florida","Clase social media - baja","Profesional (Carreras 4 o más años)","Profesional (Carreras 4 o más años)","Particular subvencionado","1 o 2 horas al día","1 o 2 horas al día","Ligera","4.6","Insatisfecho",5,"Bastante","A veces, dependiendo de la situación puedo o no identificar si estoy estresado por la universidad.","Dolores de Cabeza, Tensión o dolor muscular, Dolor en el pecho, Fatiga, Problemas de sueño, Irritabilidad o enojo, Diarrea, Cambios en el apetito, Problemas dermatológicos, Sudoración excesiva, Tics Nerviosos","Técnicas de relajación (como de respiración o relajación muscular), Organización y planificación del tiempo, Apoyo social (hablar con amigos/familia), Consulta con un profesional de salud mental, Tomar descansos regulares, Participar en otras actividades creativas (música, arte, escritura)","Dudas ocasionales","No tengo una afiliación religiosa, pero si me considero una persona espiritual (por ejemplo, creo en las energías).","Varias veces a la semana.","No, no he asistido","Menos influyente","4 horas o más","Mantenerse en contacto con amigos y familiares, Compartir mi propia vida y experiencias, Consumir contenido de entretenimiento (humor, arte, cultura), Seguir a marcas, celebridades, artistas (músicos/as, actores/actrices, humoristas) o deportistas., Obtener información de noticias y eventos, Seguir a políticos/as o activistas sociales, Seguir a instituciones o personas del mundo académico o científico, Participar en grupos o comunidades de interés (Ej: Grupo de Instagram de fans de Los Bunkers)","Sí","Bloqueando o reportando usuarios problemáticos","TikTok","Pinterest","Bastante tiempo.","3 a 4 veces.","No, no administro mi tiempo de manera óptima cuando tengo muchas obligaciones académicas.","Leer. y/o Escribir, Ver series y / o películas., Jugar videojuegos., Escuchar música., Dibujar / pintar., Salir con amigos / familia., Costura y diseño de ropa","No, las realizo de forma individual","Muy importante.",6,9,"No","No","Frecuencia moderada (de 2 a 3 veces por semana)",7,"Entre 5 a 6 horas.","K-Pop","Pop","En el transporte público","Muy importante"
2024-05-05 14:28:28.105,"isidorameliaros@gmail.com","Noel Casas-Cordero","Sí","Mujer cisgénero","20.0",2022,"Maipú","Clase social media - alta","Educación Media Técnica Profesional","Técnico Nivel Superior (Carreras 1 a 3 años)","Particular","3 o 4 horas al día","1 o 2 horas al día","Pesada","5.1","Muy insatisfecho",5,"Bastante","Si, se identificar cuando estoy estresado debido a la universidad","Dolores de Cabeza, Tensión o dolor muscular, Dolor en el pecho, Problemas de sueño, Irritabilidad o enojo, Cambios en el apetito, Problemas dermatológicos","Ejercicio físico, Técnicas de relajación (como de respiración o relajación muscular), Participar en otras actividades creativas (música, arte, escritura)","Creencia firme","No tengo una afiliación religiosa, pero si me considero una persona espiritual (por ejemplo, creo en las energías).","A diario.","No, no he asistido","Moderadamente influyente","Entre 1 a 2 horas","Mantenerse en contacto con amigos y familiares, Consumir contenido de entretenimiento (humor, arte, cultura), Seguir a políticos/as o activistas sociales, Seguir a instituciones o personas del mundo académico o científico","No","Desconectándome temporalmente","TikTok","Instagram","Suficiente tiempo.","1 a 2 veces.","A veces, intento encontrar un equilibrio, pero no siempre lo logro.","Ver series y / o películas., Escuchar música., Bailar y/o Cantar","Sí, con un instructor o grupo","Muy importante.",7,9,"No","No","Baja frecuencia (1 vez a la semana)",7,"Entre 5 a 6 horas.","Reggaetón","Pop","En su casa o de familiares., En el transporte público, En otros lugares","Muy importante"
2024-05-05 20:21:33.3,"berriosdaniela70@gmail.com","Isidora Aros","Sí","Mujer cisgénero","22.0",2022,"Puente Alto","Clase social media","Educación Media","Profesional (Carreras 4 o más años)","Particular subvencionado","3 o 4 horas al día","3 o 4 horas al día","Pesada","Alrededor de 5,8 creo","Satisfecho",4,"Bastante","A veces, dependiendo de la situación puedo o no identificar si estoy estresado por la universidad.","Dolores de Cabeza, Tensión o dolor muscular, Fatiga, Problemas de sueño, Irritabilidad o enojo, Cambios en el apetito, Problemas dermatológicos","Ejercicio físico, Técnicas de relajación (como de respiración o relajación muscular), Organización y planificación del tiempo, Tomar descansos regulares","Dudas ocasionales","Agnóstico","No mantengo prácticas relacionadas a lo espiritual o lo religioso.","No, no he asistido","Menos influyente","Entre 3 a 4 horas","Mantenerse en contacto con amigos y familiares, Consumir contenido de entretenimiento (humor, arte, cultura), Obtener información de noticias y eventos","No","No me estresa","TikTok","Instagram","Poco tiempo.","3 a 4 veces.","A veces, intento encontrar un equilibrio, pero no siempre lo logro.","Leer. y/o Escribir, Ver series y / o películas., Salir con amigos / familia.","No, las realizo de forma individual","Moderadamente importante.",6,4,"No","No","Baja frecuencia (1 vez a la semana)",5,"Entre 3 a 4 horas.","Pop","K-Pop","En el transporte público, En el lugar de estudio","Muy importante"
2024-05-06 19:08:18.123,"frdelgav@alumnos.uahurtado.cl","Samanta Letelier","Sí","Mujer cisgénero","23.0",2021,"Maipú","Clase social media","Profesional (Carreras 4 o más años)","Profesional (Carreras 4 o más años)","Particular subvencionado","3 o 4 horas al día","1 o 2 horas al día","Moderada","60.0","Muy satisfecho",3,"Bastante","Si, se identificar cuando estoy estresado debido a la universidad","Dolores de Cabeza, Tensión o dolor muscular, Fatiga, Problemas de sueño, Irritabilidad o enojo, Cambios en el apetito, Problemas dermatológicos, Tics Nerviosos","Ejercicio físico, Técnicas de relajación (como de respiración o relajación muscular), Apoyo social (hablar con amigos/familia), Tomar descansos regulares","Dudas ocasionales","No tengo una afiliación religiosa, pero si me considero una persona espiritual (por ejemplo, creo en las energías).","Al menos una vez a la semana. Cuando siento la necesidad.","No, no he asistido","Moderadamente influyente","Entre 3 a 4 horas","Mantenerse en contacto con amigos y familiares, Consumir contenido de entretenimiento (humor, arte, cultura), Obtener información de noticias y eventos","No","Compartiendo mis preocupaciones con amigos o familiares","TikTok","Instagram","Suficiente tiempo.","1 a 2 veces.","A veces, intento encontrar un equilibrio, pero no siempre lo logro.","Ver series y / o películas., Practicar deporte / ejercitarse., Salir con amigos / familia.","No, las realizo de forma individual","Importante.",2,5,"No","No","Baja frecuencia (1 vez a la semana)",7,"Entre 5 a 6 horas.","Hip-Hop, Rap, Freestyle","Reggaetón","En su casa o de familiares., En el transporte público, En el lugar de estudio","Importante"
2024-05-07 13:39:45.924,"ncalderavargas@gmail.com","Amanda Baez","Sí","Mujer cisgénero","23.0",2019,"San Felipe","Clase social media - baja","Técnico Nivel Superior (Carreras 1 a 3 años)","Educación Media","Particular subvencionado","1 o 2 horas al día","1 o 2 horas al día","Moderada","60.0","Satisfecho",3,"Bastante","A veces, dependiendo de la situación puedo o no identificar si estoy estresado por la universidad.","Dolores de Cabeza, Dolor en el pecho, Fatiga, Problemas de sueño, Irritabilidad o enojo, Cambios en el apetito","No utilizo estrategias para manejar el estrés académico","Dudas ocasionales","No tengo una afiliación religiosa, pero si me considero una persona espiritual (por ejemplo, creo en las energías).","No mantengo prácticas relacionadas a lo espiritual o lo religioso.","Sí, asisto","Menos influyente","Entre 3 a 4 horas","Mantenerse en contacto con amigos y familiares, Consumir contenido de entretenimiento (humor, arte, cultura), Obtener información de noticias y eventos","No","No me estresa","Instagram","TikTok","Poco tiempo.","1 a 2 veces.","No estoy seguro(a) / No aplica a mi situación.","Ver series y / o películas., Escuchar música., Salir con amigos / familia.","No, las realizo de forma individual","Moderadamente importante.",1,1,"No","No","Baja frecuencia (1 vez a la semana)",7,"Entre 1 a 2 horas.","Trap","Pop","En su casa o de familiares., En el transporte público, En el lugar de estudio","Muy importante"
2024-05-07 15:39:43.011,"yasnatodi@gmail.com","Daniela Berrios","Sí","Mujer cisgénero","18.0",2024,"Puente Alto","Clase social media - baja","Educación Media","Educación Media Técnica Profesional","Particular subvencionado","1 o 2 horas al día","1 o 2 horas al día","Pesada","5.6","Insatisfecho",3,"Bastante","Si, se identificar cuando estoy estresado debido a la universidad","Dolores de Cabeza, Problemas de sueño, Irritabilidad o enojo, Problemas dermatológicos, Tics Nerviosos","Organización y planificación del tiempo, Apoyo social (hablar con amigos/familia), Tomar descansos regulares","No creencias","No tengo una afiliación religiosa, pero si me considero una persona espiritual (por ejemplo, creo en las energías).","No mantengo prácticas relacionadas a lo espiritual o lo religioso.","No, no he asistido","No influyente en absoluto","Entre 3 a 4 horas","Mantenerse en contacto con amigos y familiares, Consumir contenido de entretenimiento (humor, arte, cultura)","No","Desconectándome temporalmente","TikTok","Instagram","Poco tiempo.","1 a 2 veces.","A veces, intento encontrar un equilibrio, pero no siempre lo logro.","Escuchar música., Practicar deporte / ejercitarse., Salir con amigos / familia.","Sí, con un instructor o grupo","Muy importante.",8,1,"Si","No","Frecuencia moderada (de 2 a 3 veces por semana)",7,"Entre 3 a 4 horas.","Reggaetón","Rock","En su casa o de familiares., En casa de amigos., En el transporte público","Muy importante"
2024-05-07 16:10:47.316,"carladrea2003@gmail.com","Daniela Berrios","Sí","Mujer cisgénero","21.0",2022,"San Miguel","Clase social media","Profesional (Carreras 4 o más años)","Educación Media","Particular subvencionado","3 o 4 horas al día","1 o 2 horas al día","Moderada","5.4","Insatisfecho",4,"Bastante","Si, se identificar cuando estoy estresado debido a la universidad","Tensión o dolor muscular, Dolor en el pecho, Fatiga, Problemas de sueño, Irritabilidad o enojo, Cambios en el apetito, Sudoración excesiva, Tics Nerviosos","Ejercicio físico, Técnicas de relajación (como de respiración o relajación muscular), Organización y planificación del tiempo, Apoyo social (hablar con amigos/familia), Consulta con un profesional de salud mental, Tomar descansos regulares","Dudas ocasionales","No tengo una afiliación religiosa, pero si me considero una persona espiritual (por ejemplo, creo en las energías).","No mantengo prácticas relacionadas a lo espiritual o lo religioso.","No, no he asistido","Menos influyente","Entre 3 a 4 horas","Mantenerse en contacto con amigos y familiares, Consumir contenido de entretenimiento (humor, arte, cultura), Seguir a marcas, celebridades, artistas (músicos/as, actores/actrices, humoristas) o deportistas., Obtener información de noticias y eventos, Seguir a políticos/as o activistas sociales, Seguir a instituciones o personas del mundo académico o científico, Participar en grupos o comunidades de interés (Ej: Grupo de Instagram de fans de Los Bunkers)","A veces","Desconectándome temporalmente","Instagram","TikTok","Poco tiempo.","1 a 2 veces.","A veces, intento encontrar un equilibrio, pero no siempre lo logro.","Ver series y / o películas., Escuchar música., Salir con amigos / familia.","No, las realizo de forma individual","Muy importante.",7,10,"Si","Sí","Frecuencia moderada (de 2 a 3 veces por semana)",7,"Más de 7 horas.","Pop","Rock","En su casa o de familiares., En casa de amigos., En el transporte público, En el lugar de estudio, En otros lugares","Muy importante"
2024-05-07 16:24:26.843,"edgonzade@alumnos.uahurtado.cl","Noel casas -Cordero y samanta letelier","Sí","Hombre cisgénero","41.0",2024,"Pudahuel","Clase social baja","Educación Media","Educación Media","Público","3 o 4 horas al día","3 o 4 horas al día","Muy pesada","5.0","Insatisfecho",5,"Mucho","Si, se identificar cuando estoy estresado debido a la universidad","Dolores de Cabeza, Tensión o dolor muscular, Fatiga, Problemas de sueño, Irritabilidad o enojo, Cambios en el apetito, Tics Nerviosos","Organización y planificación del tiempo, Apoyo social (hablar con amigos/familia), Consulta con un profesional de salud mental, Tomar descansos regulares","No creencias","Ateo","No mantengo prácticas relacionadas a lo espiritual o lo religioso.","No, no he asistido","No influyente en absoluto","Entre 3 a 4 horas","Consumir contenido de entretenimiento (humor, arte, cultura), Obtener información de noticias y eventos, Seguir a políticos/as o activistas sociales, Seguir a instituciones o personas del mundo académico o científico","No","Desconectándome temporalmente","WhatsApp","TikTok","Poco tiempo.","1 a 2 veces.","A veces, intento encontrar un equilibrio, pero no siempre lo logro.","Ver series y / o películas.","No, las realizo de forma individual","Muy importante.",8,7,"No","No","Frecuencia moderada (de 2 a 3 veces por semana)",7,"Entre 3 a 4 horas.","Rock","Metal","En su casa o de familiares., En el transporte público","Muy importante"
2024-05-07 16:46:48.88,"alespinoza.ac@gmail.com","Alejandra","Sí","Mujer cisgénero","28.0",2024,"Puente Alto","Clase social baja","Educación Media","Educación Media","Particular subvencionado","1 o 2 horas al día","1 o 2 horas al día","Moderada","Entre el año 2024","Insatisfecho",NA,"Bastante","A veces, dependiendo de la situación puedo o no identificar si estoy estresado por la universidad.","Dolores de Cabeza, Dolor en el pecho, Fatiga, Problemas de sueño, Cambios en el apetito, Problemas dermatológicos","Ejercicio físico, Organización y planificación del tiempo, Tomar descansos regulares, Participar en otras actividades creativas (música, arte, escritura)","Creencia moderada","No tengo una afiliación religiosa, pero si me considero una persona espiritual (por ejemplo, creo en las energías).","Al menos una vez a la semana. Cuando siento la necesidad.","No, no he asistido","Menos influyente","Entre 1 a 2 horas","Mantenerse en contacto con amigos y familiares, Compartir mi propia vida y experiencias, Consumir contenido de entretenimiento (humor, arte, cultura), Seguir a marcas, celebridades, artistas (músicos/as, actores/actrices, humoristas) o deportistas., Obtener información de noticias y eventos, Seguir a instituciones o personas del mundo académico o científico, Participar en grupos o comunidades de interés (Ej: Grupo de Instagram de fans de Los Bunkers)","A veces","Desconectándome temporalmente","Instagram","WhatsApp","Suficiente tiempo.","1 a 2 veces.","A veces, intento encontrar un equilibrio, pero no siempre lo logro.","Ver series y / o películas., Escuchar música., Practicar deporte / ejercitarse., Salir con amigos / familia.","Sí, con un instructor o grupo","Muy importante.",3,5,"No","No","Baja frecuencia (1 vez a la semana)",6,"Entre 3 a 4 horas.","Rock","Pop","En su casa o de familiares., En casa de amigos., En el transporte público","Muy importante"
2024-05-07 16:46:51.89,"isidoralarivera.v@gmail.com","Daniela Berrios","Sí","Mujer cisgénero","19.0",2023,"Llay Llay","Clase social media - baja","Educación Media Técnica Profesional","Profesional (Carreras 4 o más años)","Público","3 o 4 horas al día","1 o 2 horas al día","Pesada","5.5","Satisfecho",4,"Moderado","A veces, dependiendo de la situación puedo o no identificar si estoy estresado por la universidad.","Dolores de Cabeza, Tensión o dolor muscular, Fatiga, Problemas de sueño, Irritabilidad o enojo, Cambios en el apetito","Organización y planificación del tiempo, Apoyo social (hablar con amigos/familia), Tomar descansos regulares","Dudas ocasionales","No tengo una afiliación religiosa, pero si me considero una persona espiritual (por ejemplo, creo en las energías).","No mantengo prácticas relacionadas a lo espiritual o lo religioso.","No, no he asistido","Moderadamente influyente","Entre 1 a 2 horas","Mantenerse en contacto con amigos y familiares, Consumir contenido de entretenimiento (humor, arte, cultura), Seguir a políticos/as o activistas sociales, Participar en grupos o comunidades de interés (Ej: Grupo de Instagram de fans de Los Bunkers)","A veces","Desconectándome temporalmente","Instagram","Pinterest","Poco tiempo.","1 a 2 veces.","A veces, intento encontrar un equilibrio, pero no siempre lo logro.","Leer. y/o Escribir, Ver series y / o películas., Salir con amigos / familia.","No, las realizo de forma individual","Muy importante.",5,9,"No","No","Frecuencia moderada (de 2 a 3 veces por semana)",7,"Entre 5 a 6 horas.","Pop","Rock","En su casa o de familiares., En el transporte público, En el lugar de estudio","Muy importante"
2024-05-07 17:02:15.93,"dali.caupo@gmail.com","Gonzalo","Sí","Hombre cisgénero","22.0",2020,"La Florida","Clase social media","Educación Media","Profesional (Carreras 4 o más años)","Particular subvencionado","1 o 2 horas al día","1 o 2 horas al día","Ligera","60.0","Satisfecho",3,"Bastante","Si, se identificar cuando estoy estresado debido a la universidad","Dolores de Cabeza, Tensión o dolor muscular, Irritabilidad o enojo, Problemas dermatológicos","Ejercicio físico, Organización y planificación del tiempo, Tomar descansos regulares, Pasatiempos","Escéptico","No tengo una afiliación religiosa, pero si me considero una persona espiritual (por ejemplo, creo en las energías).","No mantengo prácticas relacionadas a lo espiritual o lo religioso.","No, no he asistido","Menos influyente","Entre 1 a 2 horas","Mantenerse en contacto con amigos y familiares, Consumir contenido de entretenimiento (humor, arte, cultura), Obtener información de noticias y eventos, Seguir a instituciones o personas del mundo académico o científico","No","Desconectándome temporalmente","Instagram","WhatsApp","Bastante tiempo.","Más de 6.","Sí, suelo planificar mi tiempo cuidadosamente para equilibrar mis obligaciones académicas y actividades de ocio.","Leer. y/o Escribir, Ver series y / o películas., Practicar deporte / ejercitarse.","No, las realizo de forma individual","Importante.",6,6,"No","No","Frecuencia moderada (de 2 a 3 veces por semana)",5,"Entre 3 a 4 horas.","Punk","Reggaetón","En su casa o de familiares., En casa de amigos., En el transporte público, En otros lugares","Muy importante"
2024-05-07 17:08:01.013,"naastudi@alumnos.uahurtado.cl","Gonzalo","Sí","Mujer cisgénero","23.0",2021,"Santiago Centro","Clase social media - baja","Educación Media Técnica Profesional","Educación Media Técnica Profesional","Público","1 o 2 horas al día","3 o 4 horas al día","Pesada","58.0","Satisfecho",4,"Mucho","Si, se identificar cuando estoy estresado debido a la universidad","Dolores de Cabeza, Tensión o dolor muscular, Problemas de sueño, Irritabilidad o enojo, Tics Nerviosos","Ejercicio físico, Técnicas de relajación (como de respiración o relajación muscular), Organización y planificación del tiempo, Apoyo social (hablar con amigos/familia), Consulta con un profesional de salud mental, Tomar descansos regulares, Participar en otras actividades creativas (música, arte, escritura)","No creencias","No tengo afiliaciones religiosas y tampoco me adscribo a ningún tipo de corriente de pensamiento de tipo clasificatoria","No mantengo prácticas relacionadas a lo espiritual o lo religioso.","No, no he asistido","No influyente en absoluto","Entre 1 a 2 horas","Mantenerse en contacto con amigos y familiares, Compartir mi propia vida y experiencias, Consumir contenido de entretenimiento (humor, arte, cultura), Seguir a marcas, celebridades, artistas (músicos/as, actores/actrices, humoristas) o deportistas., Obtener información de noticias y eventos","A veces","Desconectándome temporalmente","WhatsApp","Instagram","Poco tiempo.","1 a 2 veces.","A veces, intento encontrar un equilibrio, pero no siempre lo logro.","Leer. y/o Escribir, Practicar deporte / ejercitarse., Salir con amigos / familia.","No, las realizo de forma individual","Muy importante.",3,10,"Si","Sí","Baja frecuencia (1 vez a la semana)",7,"Entre 1 a 2 horas.","Hip-Hop, Rap, Freestyle","Rock","En su casa o de familiares., En el transporte público, En otros lugares","Muy importante"
2024-05-07 17:28:33.514,"pgonzalezmaldonado1211@gmail.com","Gonzalo Muñoz Oliva","Sí","Mujer cisgénero","21.0",2022,"Puente Alto","Clase social media","Educación Media","Educación Media","Particular subvencionado","1 o 2 horas al día","1 o 2 horas al día","Moderada","5.8","Insatisfecho",4,"Bastante","Si, se identificar cuando estoy estresado debido a la universidad","Dolores de Cabeza, Tensión o dolor muscular, Dolor en el pecho, Fatiga, Problemas de sueño, Irritabilidad o enojo","Organización y planificación del tiempo, Tomar descansos regulares","Creencia firme","Catolico","Varias veces a la semana.","No, no he asistido","Moderadamente influyente","Entre 3 a 4 horas","Mantenerse en contacto con amigos y familiares, Compartir mi propia vida y experiencias, Consumir contenido de entretenimiento (humor, arte, cultura), Seguir a marcas, celebridades, artistas (músicos/as, actores/actrices, humoristas) o deportistas., Obtener información de noticias y eventos, Participar en grupos o comunidades de interés (Ej: Grupo de Instagram de fans de Los Bunkers)","A veces","Bloqueando o reportando usuarios problemáticos","Instagram","TikTok","Poco tiempo.","1 a 2 veces.","A veces, intento encontrar un equilibrio, pero no siempre lo logro.","Ver series y / o películas., Bailar y/o Cantar","No, las realizo de forma individual","Moderadamente importante.",5,5,"No","No","Frecuencia moderada (de 2 a 3 veces por semana)",7,"Entre 1 a 2 horas.","Reggaetón","Pop","En su casa o de familiares., En el transporte público, En el lugar de estudio","Muy importante"
2024-05-07 17:36:10.726,"valencastro.cg@gmail.com","Verónica Moya","Sí","Mujer cisgénero","21.0",2022,"Macul","Clase social media - baja","Profesional (Carreras 4 o más años)","Educación Media Técnica Profesional","Público","3 o 4 horas al día","3 o 4 horas al día","Pesada","6.1","Satisfecho",3,"Moderado","Si, se identificar cuando estoy estresado debido a la universidad","Dolores de Cabeza, Tensión o dolor muscular, Fatiga, Problemas de sueño","Organización y planificación del tiempo, Tomar descansos regulares","Creencia moderada","Agnóstico","No mantengo prácticas relacionadas a lo espiritual o lo religioso.","No, no he asistido","Menos influyente","Entre 3 a 4 horas","Mantenerse en contacto con amigos y familiares, Compartir mi propia vida y experiencias, Consumir contenido de entretenimiento (humor, arte, cultura), Seguir a marcas, celebridades, artistas (músicos/as, actores/actrices, humoristas) o deportistas., Obtener información de noticias y eventos","No","No me estresa","Youtube","Instagram","No tengo tiempo.","1 a 2 veces.","A veces, intento encontrar un equilibrio, pero no siempre lo logro.","Ver series y / o películas., Jugar videojuegos., Salir con amigos / familia.","No, las realizo de forma individual","Importante.",3,4,"No","No","Frecuencia moderada (de 2 a 3 veces por semana)",7,"Entre 5 a 6 horas.","Rock","Shoegaze","En su casa o de familiares., En el transporte público","Importante"
2024-05-07 18:42:02.426,"trini.delfierro@gmail.com","Valentina Gonzalez","Sí","Mujer cisgénero","27.0",2019,"Las Condes","Clase social media - alta","Profesional (Carreras 4 o más años)","Técnico Nivel Superior (Carreras 1 a 3 años)","Particular","1 o 2 horas al día","3 o 4 horas al día","Pesada",NA,"Satisfecho",4,"Bastante","Si, se identificar cuando estoy estresado debido a la universidad","Tensión o dolor muscular, Dolor en el pecho, Problemas de sueño, Diarrea, Cambios en el apetito, Tics Nerviosos","Ejercicio físico, Técnicas de relajación (como de respiración o relajación muscular), Organización y planificación del tiempo, Apoyo social (hablar con amigos/familia), Consulta con un profesional de salud mental","Escéptico","No tengo una afiliación religiosa, pero si me considero una persona espiritual (por ejemplo, creo en las energías).","Varias veces a la semana.","No, no he asistido","Moderadamente influyente","Entre 3 a 4 horas","Mantenerse en contacto con amigos y familiares, Compartir mi propia vida y experiencias, Consumir contenido de entretenimiento (humor, arte, cultura), Seguir a marcas, celebridades, artistas (músicos/as, actores/actrices, humoristas) o deportistas., Obtener información de noticias y eventos, Seguir a políticos/as o activistas sociales, Seguir a instituciones o personas del mundo académico o científico","No","Desconectándome temporalmente","Instagram","WhatsApp","Poco tiempo.","1 a 2 veces.","A veces, intento encontrar un equilibrio, pero no siempre lo logro.","Ver series y / o películas., Escuchar música., Practicar deporte / ejercitarse.","Sí, con un instructor o grupo","Importante.",2,4,"Si","No","Baja frecuencia (1 vez a la semana)",7,"Entre 3 a 4 horas.","Rock","Reggaetón","En su casa o de familiares., En casa de amigos., En el transporte público, En el lugar de estudio, En otros lugares","Importante"
2024-05-07 19:16:52.814,"amilcar.canala@gmail.com","Valentina González","Sí","Hombre cisgénero","21.0",2023,"Santiago Centro","Clase social media","Educación Media","Profesional (Carreras 4 o más años)","Particular subvencionado","3 o 4 horas al día","3 o 4 horas al día","Pesada","6.3","Satisfecho",4,"Bastante","A veces, dependiendo de la situación puedo o no identificar si estoy estresado por la universidad.","Dolores de Cabeza, Dolor en el pecho, Fatiga, Problemas de sueño, Problemas dermatológicos","Organización y planificación del tiempo, Participar en otras actividades creativas (música, arte, escritura)","Dudas ocasionales","Agnóstico","No mantengo prácticas relacionadas a lo espiritual o lo religioso.","No, no he asistido","Moderadamente influyente","Entre 1 a 2 horas","Mantenerse en contacto con amigos y familiares, Compartir mi propia vida y experiencias, Consumir contenido de entretenimiento (humor, arte, cultura), Seguir a marcas, celebridades, artistas (músicos/as, actores/actrices, humoristas) o deportistas., Obtener información de noticias y eventos, Seguir a políticos/as o activistas sociales, Seguir a instituciones o personas del mundo académico o científico, Participar en grupos o comunidades de interés (Ej: Grupo de Instagram de fans de Los Bunkers)","No","Desconectándome temporalmente","Instagram","WhatsApp","Poco tiempo.","3 a 4 veces.","No, no administro mi tiempo de manera óptima cuando tengo muchas obligaciones académicas.","Ver series y / o películas., Escuchar música., Tocar música.","Sí, con un instructor o grupo","Importante.",4,7,"No","Sí","Baja frecuencia (1 vez a la semana)",7,"Entre 3 a 4 horas.","Jazz","Rock","En su casa o de familiares., En el transporte público, En el lugar de estudio","Muy importante"
2024-05-07 19:19:45.868,"catalina1neira2alvarez3@gmail.com","Valentina González","Sí","Mujer cisgénero","18.0",2024,"Peñaflor","Clase social media","Educación Media","Educación Media Técnica Profesional","Público","3 o 4 horas al día","3 o 4 horas al día","Pesada","considerando que el segundo semestre del 2023 cursaba 4to medio, tuve un 6.7","Muy satisfecho",4,"Bastante","Si, se identificar cuando estoy estresado debido a la universidad","Tensión o dolor muscular, Fatiga, Problemas de sueño, Irritabilidad o enojo, Problemas dermatológicos","Técnicas de relajación (como de respiración o relajación muscular), Organización y planificación del tiempo, Apoyo social (hablar con amigos/familia), Tomar descansos regulares","Dudas ocasionales","No tengo una afiliación religiosa, pero si me considero una persona espiritual (por ejemplo, creo en las energías).","Al menos una vez a la semana. Cuando siento la necesidad.","No, no he asistido","Muy influyente","Entre 3 a 4 horas","Mantenerse en contacto con amigos y familiares, Compartir mi propia vida y experiencias, Consumir contenido de entretenimiento (humor, arte, cultura), Seguir a marcas, celebridades, artistas (músicos/as, actores/actrices, humoristas) o deportistas., Obtener información de noticias y eventos, Seguir a políticos/as o activistas sociales, Seguir a instituciones o personas del mundo académico o científico, Participar en grupos o comunidades de interés (Ej: Grupo de Instagram de fans de Los Bunkers)","Sí","No me estresa","Instagram","TikTok","Poco tiempo.","1 a 2 veces.","No, no administro mi tiempo de manera óptima cuando tengo muchas obligaciones académicas.","Escuchar música., Salir con amigos / familia.","No, las realizo de forma individual","Muy importante.",4,8,"Si","No","Baja frecuencia (1 vez a la semana)",7,"Entre 1 a 2 horas.","Hip-Hop, Rap, Freestyle","Rock","En el transporte público, En el lugar de estudio, En otros lugares","Muy importante"
2024-05-07 19:45:59.542,"pancho.barassi@gmail.com","Daniela Berrios","Sí","Hombre cisgénero","22.0",2020,"La Reina","Clase social media - alta","Profesional (Carreras 4 o más años)","Profesional (Carreras 4 o más años)","Particular subvencionado","5 o 6 horas por días","3 o 4 horas al día","Moderada","5.4","Satisfecho",3,"Moderado","Si, se identificar cuando estoy estresado debido a la universidad","Dolores de Cabeza, Fatiga, Problemas de sueño, Tics Nerviosos","Ejercicio físico, Apoyo social (hablar con amigos/familia), Participar en otras actividades creativas (música, arte, escritura)","Escéptico","Agnóstico","No mantengo prácticas relacionadas a lo espiritual o lo religioso.","No, no he asistido","Moderadamente influyente","Entre 1 a 2 horas","Mantenerse en contacto con amigos y familiares, Consumir contenido de entretenimiento (humor, arte, cultura), Obtener información de noticias y eventos, Seguir a políticos/as o activistas sociales, Seguir a instituciones o personas del mundo académico o científico","No","No me estresa","WhatsApp","Instagram","Poco tiempo.","3 a 4 veces.","A veces, intento encontrar un equilibrio, pero no siempre lo logro.","Leer. y/o Escribir, Ver series y / o películas., Practicar deporte / ejercitarse., Salir con amigos / familia.","Sí, con un instructor o grupo","Importante.",6,7,"Si","Sí","Baja frecuencia (1 vez a la semana)",7,"Entre 3 a 4 horas.","Surtido","Surtido","En su casa o de familiares., En casa de amigos., En el transporte público, En el lugar de estudio, En otros lugares","Importante"
2024-05-07 20:42:51.847,"fd965845@gmail.com","Gonzalo","Sí","Mujer cisgénero","18.0",2024,"Lo prado","Clase social media","Educación Media","Educación Media Técnica Profesional","Público","3 o 4 horas al día","5 o 6 horas por días","Pesada",NA,"Satisfecho",NA,"Bastante","Si, se identificar cuando estoy estresado debido a la universidad","Dolores de Cabeza, Tensión o dolor muscular, Dolor en el pecho, Fatiga, Problemas de sueño, Cambios en el apetito, Problemas dermatológicos","Apoyo social (hablar con amigos/familia), Consulta con un profesional de salud mental, Tomar descansos regulares","Dudas ocasionales","Catolico","No mantengo prácticas relacionadas a lo espiritual o lo religioso.","No, no he asistido","Menos influyente","4 horas o más","Mantenerse en contacto con amigos y familiares, Consumir contenido de entretenimiento (humor, arte, cultura), Seguir a marcas, celebridades, artistas (músicos/as, actores/actrices, humoristas) o deportistas., Obtener información de noticias y eventos, Seguir a instituciones o personas del mundo académico o científico","A veces","Compartiendo mis preocupaciones con amigos o familiares","TikTok","Instagram","Poco tiempo.","3 a 4 veces.","A veces, intento encontrar un equilibrio, pero no siempre lo logro.","Ver series y / o películas., Salir con amigos / familia.","No, las realizo de forma individual","Importante.",5,5,"Si","No","Frecuencia moderada (de 2 a 3 veces por semana)",7,"Entre 1 a 2 horas.","Pop","Reggaetón","En su casa o de familiares., En el transporte público","Muy importante"
2024-05-07 20:56:30.313,"faridhalaby@gmail.com","Farid halaby","Sí","Hombre cisgénero","21.0",2024,"Pudahuel","Clase social media","Profesional (Carreras 4 o más años)","Profesional (Carreras 4 o más años)","Particular","1 o 2 horas al día","1 o 2 horas al día","Moderada","fui a un preu y solo fue desempeño asi que no se, solo se que mejore eso cuenta?","Satisfecho",2,"Moderado","Si, se identificar cuando estoy estresado debido a la universidad","No he experimentado síntomas físicos","Participar en otras actividades creativas (música, arte, escritura), me hablo a mi mismo de ello","Dudas ocasionales","Agnóstico","Al menos una vez a la semana. Cuando siento la necesidad.","Sí, asisto","Menos influyente","Entre 1 a 2 horas","Mantenerse en contacto con amigos y familiares, Consumir contenido de entretenimiento (humor, arte, cultura)","No","No me estresa","Instagram","Twitter/X","Suficiente tiempo.","3 a 4 veces.","A veces, intento encontrar un equilibrio, pero no siempre lo logro.","Leer. y/o Escribir, Ver series y / o películas., Jugar videojuegos., Escuchar música., Salir con amigos / familia., Bailar y/o Cantar","Sí, con un instructor o grupo","Moderadamente importante.",3,4,"No","No","Frecuencia moderada (de 2 a 3 veces por semana)",7,"Entre 1 a 2 horas.","Pop","Cumbia","En su casa o de familiares., En el transporte público, En el lugar de estudio","Muy importante"
2024-05-07 21:08:10.435,"martmunozmarch@gmail.com","Martina","Sí","Mujer cisgénero","19.0",2023,"Lo Espejo","Clase social baja","Educación Media","Educación Media","Particular subvencionado","3 o 4 horas al día","1 o 2 horas al día","Pesada","5.6","Satisfecho",3,"Moderado","A veces, dependiendo de la situación puedo o no identificar si estoy estresado por la universidad.","Dolores de Cabeza, Tensión o dolor muscular, Problemas de sueño, Irritabilidad o enojo, Cambios en el apetito","Organización y planificación del tiempo, Apoyo social (hablar con amigos/familia), Tomar descansos regulares, Participar en otras actividades creativas (música, arte, escritura)","Creencia firme","Cristianismo Protestante (Evangélico, anglicano, etcétera)","Varias veces a la semana.","Sí, asisto","Muy influyente","Entre 3 a 4 horas","Mantenerse en contacto con amigos y familiares, Consumir contenido de entretenimiento (humor, arte, cultura), Seguir a marcas, celebridades, artistas (músicos/as, actores/actrices, humoristas) o deportistas.","A veces","Desconectándome temporalmente","TikTok","WhatsApp","Poco tiempo.","3 a 4 veces.","A veces, intento encontrar un equilibrio, pero no siempre lo logro.","Ver series y / o películas., Escuchar música., Salir con amigos / familia.","No, las realizo de forma individual","Muy poco importante.",3,3,"No","No","Frecuencia moderada (de 2 a 3 veces por semana)",7,"Entre 3 a 4 horas.","Pop","Rock","En su casa o de familiares., En el transporte público, En otros lugares","Muy importante"
2024-05-07 21:24:28.161,"benjamin.antonio.vc@gmail.com","Martín Cifuentes","Sí","Hombre cisgénero","20 años",2023,"La Florida","Clase social media","Educación Media","Educación Media Técnica Profesional","Particular subvencionado","5 o 6 horas por días","1 o 2 horas al día","Moderada","5.8","Satisfecho",3,"Bastante","Si, se identificar cuando estoy estresado debido a la universidad","Dolores de Cabeza, Tensión o dolor muscular, Problemas de sueño","Ejercicio físico, Organización y planificación del tiempo, Tomar descansos regulares","Escéptico","Agnóstico","No mantengo prácticas relacionadas a lo espiritual o lo religioso.","No, no he asistido","No influyente en absoluto","Entre 3 a 4 horas","Mantenerse en contacto con amigos y familiares, Consumir contenido de entretenimiento (humor, arte, cultura), Seguir a marcas, celebridades, artistas (músicos/as, actores/actrices, humoristas) o deportistas.","No","No me estresa","Instagram","WhatsApp","Poco tiempo.","3 a 4 veces.","A veces, intento encontrar un equilibrio, pero no siempre lo logro.","Jugar videojuegos., Escuchar música., Practicar deporte / ejercitarse.","No, las realizo de forma individual","Muy importante.",8,8,"No","No","Frecuencia moderada (de 2 a 3 veces por semana)",7,"Entre 3 a 4 horas.","Metal","Rock","En su casa o de familiares., En el transporte público, En el lugar de estudio","Muy importante"
2024-05-07 21:26:39.381,"javieraantoniac@gmail.com","Valeria Carvajal","Sí","Mujer cisgénero","24.0",2019,"Santiago Centro","Clase social media - baja","Técnico Nivel Superior (Carreras 1 a 3 años)","Magíster o maestría","Particular subvencionado","3 o 4 horas al día","1 o 2 horas al día","Ligera",".","Insatisfecho",5,"Mucho","A veces, dependiendo de la situación puedo o no identificar si estoy estresado por la universidad.","Dolores de Cabeza, Tensión o dolor muscular, Dolor en el pecho, Fatiga, Problemas de sueño, Irritabilidad o enojo, Diarrea, Cambios en el apetito, Problemas dermatológicos, Tics Nerviosos","Organización y planificación del tiempo, Apoyo social (hablar con amigos/familia), Consulta con un profesional de salud mental, Tomar descansos regulares","Escéptico","Agnóstico","No mantengo prácticas relacionadas a lo espiritual o lo religioso.","No, no he asistido","No influyente en absoluto","Entre 1 a 2 horas","Mantenerse en contacto con amigos y familiares, Consumir contenido de entretenimiento (humor, arte, cultura), Obtener información de noticias y eventos, Seguir a políticos/as o activistas sociales, Seguir a instituciones o personas del mundo académico o científico, Participar en grupos o comunidades de interés (Ej: Grupo de Instagram de fans de Los Bunkers)","A veces","No me estresa","Instagram","WhatsApp","Bastante tiempo.","1 a 2 veces.","No, no administro mi tiempo de manera óptima cuando tengo muchas obligaciones académicas.","Ver series y / o películas., Jugar videojuegos., Salir con amigos / familia.","No, las realizo de forma individual","Importante.",10,5,"Si","Sí","Baja frecuencia (1 vez a la semana)",7,"Entre 5 a 6 horas.","Rock","Folklore","En su casa o de familiares., En el transporte público, En el lugar de estudio","Importante"
2024-05-07 23:25:32.208,"gaboconchac@gmail.com","Daniela Pasmiño","Sí","Hombre cisgénero","30.0",2021,"Maipú","Clase social media","Magíster o maestría","Magíster o maestría","Particular subvencionado","1 o 2 horas al día","1 o 2 horas al día","Pesada","5.6","Insatisfecho",5,"Bastante","Si, se identificar cuando estoy estresado debido a la universidad","Dolores de Cabeza, Problemas de sueño, Cambios en el apetito","Ejercicio físico, Organización y planificación del tiempo","No creencias","Agnóstico","No mantengo prácticas relacionadas a lo espiritual o lo religioso.","No, no he asistido","No influyente en absoluto","Entre 1 a 2 horas","Mantenerse en contacto con amigos y familiares, Compartir mi propia vida y experiencias, Seguir a instituciones o personas del mundo académico o científico","No","No me estresa","Instagram","WhatsApp","Poco tiempo.","3 a 4 veces.","Sí, suelo planificar mi tiempo cuidadosamente para equilibrar mis obligaciones académicas y actividades de ocio.","Leer. y/o Escribir, Ver series y / o películas., Practicar deporte / ejercitarse.","No, las realizo de forma individual","Importante.",10,10,"Si","Sí","Alta frecuencia (usualmente todos mis productos)",7,"Entre 1 a 2 horas.","Post Rock","Rock","En el transporte público","Importante"
2024-05-07 23:48:22.642,"FSAGARDIASM@GMAIL.COM","Valentina","Sí","Hombre cisgénero","23.0",2020,"Santiago Centro","Clase social media - alta","Profesional (Carreras 4 o más años)","Técnico Nivel Superior (Carreras 1 a 3 años)","Particular subvencionado","1 o 2 horas al día","1 o 2 horas al día","Ligera","6.0","Satisfecho",2,"Bastante","Si, se identificar cuando estoy estresado debido a la universidad","Dolores de Cabeza, Irritabilidad o enojo, Problemas dermatológicos","Ejercicio físico, Organización y planificación del tiempo, Apoyo social (hablar con amigos/familia), Tomar descansos regulares, Participar en otras actividades creativas (música, arte, escritura)","Creencia moderada","Agnóstico","Al menos una vez a la semana. Cuando siento la necesidad.","No, no he asistido","Menos influyente","Entre 3 a 4 horas","Consumir contenido de entretenimiento (humor, arte, cultura), Obtener información de noticias y eventos, Seguir a instituciones o personas del mundo académico o científico","No","No me estresa","Youtube","Instagram","Bastante tiempo.","3 a 4 veces.","Sí, suelo planificar mi tiempo cuidadosamente para equilibrar mis obligaciones académicas y actividades de ocio.","Leer. y/o Escribir, Tocar música., Salir con amigos / familia.","No, las realizo de forma individual","Muy importante.",9,8,"Si","Sí","Frecuencia moderada (de 2 a 3 veces por semana)",7,"Entre 3 a 4 horas.","Indie chileno","Indie argentino","En otros lugares","Muy importante"
2024-05-08 14:22:54.554,"gonzalo.andres2017@hotmail.com","Víctor Ávalos","Sí","Hombre cisgénero","22.0",2022,"La Cisterna","Clase social media","Educación Media","Educación Media Técnica Profesional","Público","3 o 4 horas al día","1 o 2 horas al día","Pesada","58.0","Satisfecho",3,"Bastante","Si, se identificar cuando estoy estresado debido a la universidad","Dolores de Cabeza, Fatiga, Problemas de sueño, Cambios en el apetito, Tics Nerviosos","Ejercicio físico, Participar en otras actividades creativas (música, arte, escritura)","Dudas ocasionales","Agnóstico","No mantengo prácticas relacionadas a lo espiritual o lo religioso.","No, no he asistido","Menos influyente","Entre 1 a 2 horas","Mantenerse en contacto con amigos y familiares, Consumir contenido de entretenimiento (humor, arte, cultura), Obtener información de noticias y eventos, Seguir a políticos/as o activistas sociales, Seguir a instituciones o personas del mundo académico o científico","No","Desconectándome temporalmente","Instagram","WhatsApp","Poco tiempo.","1 a 2 veces.","A veces, intento encontrar un equilibrio, pero no siempre lo logro.","Jugar videojuegos., Escuchar música., Tocar música., Salir con amigos / familia.","No, las realizo de forma individual","Importante.",4,4,"No","No","Frecuencia moderada (de 2 a 3 veces por semana)",7,"Entre 3 a 4 horas.","Rock","Boleros","En su casa o de familiares., En casa de amigos., En el transporte público, En el lugar de estudio, En otros lugares","Muy importante"
2024-05-08 14:59:15.908,"carolina.cofreb@gmail.com","Víctor Avalos","Sí","Mujer cisgénero","23.0",2020,"Santiago Centro","Clase social media","Educación Media Técnica Profesional","Educación Media","Público","3 o 4 horas al día","3 o 4 horas al día","Moderada","6.2","Satisfecho",4,"Moderado","Si, se identificar cuando estoy estresado debido a la universidad","Dolor en el pecho, Fatiga, Problemas de sueño, Irritabilidad o enojo, Problemas dermatológicos, Tics Nerviosos","Organización y planificación del tiempo, Tomar descansos regulares","Escéptico","No tengo una afiliación religiosa, pero si me considero una persona espiritual (por ejemplo, creo en las energías).","No mantengo prácticas relacionadas a lo espiritual o lo religioso.","No, no he asistido","Moderadamente influyente","Entre 3 a 4 horas","Mantenerse en contacto con amigos y familiares, Consumir contenido de entretenimiento (humor, arte, cultura), Obtener información de noticias y eventos","No","Desconectándome temporalmente","TikTok","Instagram","Poco tiempo.","3 a 4 veces.","A veces, intento encontrar un equilibrio, pero no siempre lo logro.","Ver series y / o películas., Jugar videojuegos., Escuchar música., Salir con amigos / familia.","No, las realizo de forma individual","Importante.",7,8,"Si","No","Baja frecuencia (1 vez a la semana)",7,"Entre 1 a 2 horas.","Rock","Pop","En su casa o de familiares., En el transporte público","Muy importante"
2024-05-08 15:31:01.888,"hc.javieravioleta@gmail.com","Pedro Villaroel","Sí","No binarie","21.0",2021,"Santiago Centro","Clase social media - baja","Educación Media","Educación Media","Público","3 o 4 horas al día","1 o 2 horas al día","Pesada","53.0","Satisfecho",4,"Mucho","A veces, dependiendo de la situación puedo o no identificar si estoy estresado por la universidad.","Dolores de Cabeza, Tensión o dolor muscular, Fatiga, Diarrea","Ejercicio físico, Apoyo social (hablar con amigos/familia), Tomar descansos regulares, Participar en otras actividades creativas (música, arte, escritura)","Creencia moderada","Agnóstico","Varias veces a la semana.","No, no he asistido","Moderadamente influyente","Entre 1 a 2 horas","Compartir mi propia vida y experiencias, Consumir contenido de entretenimiento (humor, arte, cultura), Participar en grupos o comunidades de interés (Ej: Grupo de Instagram de fans de Los Bunkers)","Sí","Desconectándome temporalmente","Instagram","Tumblr","Poco tiempo.","1 a 2 veces.","A veces, intento encontrar un equilibrio, pero no siempre lo logro.","Leer. y/o Escribir, Jugar videojuegos., Escuchar música., Tocar música., Salir con amigos / familia., Bailar y/o Cantar","No, las realizo de forma individual","Muy importante.",7,9,"No","No","Baja frecuencia (1 vez a la semana)",7,"Entre 1 a 2 horas.","Rock","K-Pop","En su casa o de familiares., En casa de amigos., En el transporte público, En el lugar de estudio","Muy importante"
2024-05-08 15:34:36.577,"marithepgp@gmail.com","Martín Cifuentes","Sí","Mujer cisgénero","22.0",2020,"San Bernardo","Clase social media","Educación Media Técnica Profesional","Educación Media","Particular subvencionado","3 o 4 horas al día","5 o 6 horas por días","Pesada","6.2","Satisfecho",5,"Moderado","Si, se identificar cuando estoy estresado debido a la universidad","Dolores de Cabeza, Tensión o dolor muscular, Dolor en el pecho, Fatiga, Problemas de sueño, Irritabilidad o enojo, Cambios en el apetito","Técnicas de relajación (como de respiración o relajación muscular), Organización y planificación del tiempo, Apoyo social (hablar con amigos/familia), Participar en otras actividades creativas (música, arte, escritura)","Creencia firme","No tengo una afiliación religiosa, pero si me considero una persona espiritual (por ejemplo, creo en las energías).","Varias veces a la semana.","No, no he asistido","Moderadamente influyente","4 horas o más","Mantenerse en contacto con amigos y familiares, Consumir contenido de entretenimiento (humor, arte, cultura), Obtener información de noticias y eventos, Participar en grupos o comunidades de interés (Ej: Grupo de Instagram de fans de Los Bunkers)","A veces","Desconectándome temporalmente","TikTok","Twitter/X","Suficiente tiempo.","Más de 6.","A veces, intento encontrar un equilibrio, pero no siempre lo logro.","Leer. y/o Escribir, Ver series y / o películas., Jugar videojuegos.","No, las realizo de forma individual","Muy importante.",6,3,"Si","Sí","Frecuencia moderada (de 2 a 3 veces por semana)",7,"Entre 5 a 6 horas.","K-Pop","Indie","En su casa o de familiares., En el transporte público, En el lugar de estudio, En otros lugares","Muy importante"
2024-05-08 16:25:51.408,"kiki100033@gmail.com","Martín Cifuentes","Sí","Mujer cisgénero","21.0",2022,"Puente Alto","Clase social media","Profesional (Carreras 4 o más años)","Educación Media Técnica Profesional","Particular subvencionado","3 o 4 horas al día","3 o 4 horas al día","Moderada","5,6(?","Insatisfecho",3,"Bastante","Si, se identificar cuando estoy estresado debido a la universidad","Dolores de Cabeza, Tensión o dolor muscular, Problemas de sueño, Irritabilidad o enojo","Organización y planificación del tiempo, Participar en otras actividades creativas (música, arte, escritura)","Dudas ocasionales","Ateo","No mantengo prácticas relacionadas a lo espiritual o lo religioso.","No, no he asistido","No influyente en absoluto","4 horas o más","Mantenerse en contacto con amigos y familiares, Compartir mi propia vida y experiencias, Consumir contenido de entretenimiento (humor, arte, cultura), Seguir a marcas, celebridades, artistas (músicos/as, actores/actrices, humoristas) o deportistas., Participar en grupos o comunidades de interés (Ej: Grupo de Instagram de fans de Los Bunkers)","A veces","No me estresa","TikTok","Instagram","Poco tiempo.","Más de 6.","A veces, intento encontrar un equilibrio, pero no siempre lo logro.","Leer. y/o Escribir, Ver series y / o películas., Escuchar música., Salir con amigos / familia.","No, las realizo de forma individual","Importante.",4,5,"No","No","Baja frecuencia (1 vez a la semana)",7,"Entre 5 a 6 horas.","Kpop","Reggaetón","En su casa o de familiares., En casa de amigos., En el transporte público, En el lugar de estudio","Muy importante"
2024-05-08 17:41:03.951,"pedrovillarroelarriagada@gmail.com","Martin Cifuentes","Sí","Hombre cisgénero","20.0",2022,"Paine","Clase social media","Magíster o maestría","Profesional (Carreras 4 o más años)","Particular","3 o 4 horas al día","3 o 4 horas al día","Moderada","5.5","Satisfecho",4,"Moderado","A veces, dependiendo de la situación puedo o no identificar si estoy estresado por la universidad.","Dolores de Cabeza, Problemas de sueño, Diarrea","No utilizo estrategias para manejar el estrés académico","Escéptico","Ateo","No mantengo prácticas relacionadas a lo espiritual o lo religioso.","No, no he asistido","No influyente en absoluto","Entre 3 a 4 horas","Mantenerse en contacto con amigos y familiares, Consumir contenido de entretenimiento (humor, arte, cultura)","No","Compartiendo mis preocupaciones con amigos o familiares","TikTok","Instagram","Suficiente tiempo.","3 a 4 veces.","A veces, intento encontrar un equilibrio, pero no siempre lo logro.","Ver series y / o películas., Jugar videojuegos., Practicar deporte / ejercitarse., Salir con amigos / familia.","No, las realizo de forma individual","Moderadamente importante.",5,7,"Si","No","Baja frecuencia (1 vez a la semana)",7,"Entre 1 a 2 horas.","Trap","Rock","En el transporte público","Importante"
2024-05-08 17:48:07.588,"joaco_om@hotmail.com","Víctor Avalos","Sí","Hombre cisgénero","24.0",2022,"Providencia","Clase social media","Profesional (Carreras 4 o más años)","Educación Media Técnica Profesional","Particular subvencionado","3 o 4 horas al día","5 o 6 horas por días","Moderada","5.9","Satisfecho",3,"Moderado","Si, se identificar cuando estoy estresado debido a la universidad","Dolores de Cabeza, Tensión o dolor muscular, Irritabilidad o enojo","Organización y planificación del tiempo, Apoyo social (hablar con amigos/familia), Consulta con un profesional de salud mental, Tomar descansos regulares","Creencia moderada","Grecorromana","A diario.","No, no he asistido","Moderadamente influyente","Entre 3 a 4 horas","Mantenerse en contacto con amigos y familiares, Consumir contenido de entretenimiento (humor, arte, cultura)","No","No me estresa","Discord","WhatsApp","Suficiente tiempo.","Más de 6.","A veces, intento encontrar un equilibrio, pero no siempre lo logro.","Leer. y/o Escribir, Ver series y / o películas., Jugar videojuegos.","No, las realizo de forma individual","Muy importante.",3,5,"No","No","Baja frecuencia (1 vez a la semana)",6,"Entre 1 a 2 horas.","J-pop","Rock","En su casa o de familiares., En el transporte público, En el lugar de estudio","Importante"
2024-05-08 18:44:49.585,"trini.delfierro@gmail.com","Martin Cifuentes","Sí","Mujer cisgénero","27.0",2019,"Las Condes","Clase social media - alta","Profesional (Carreras 4 o más años)","Técnico Nivel Superior (Carreras 1 a 3 años)","Particular","1 o 2 horas al día","3 o 4 horas al día","Pesada",NA,"Satisfecho",4,"Bastante","Si, se identificar cuando estoy estresado debido a la universidad","Tensión o dolor muscular, Dolor en el pecho, Problemas de sueño, Irritabilidad o enojo, Diarrea, Cambios en el apetito","Ejercicio físico, Técnicas de relajación (como de respiración o relajación muscular), Organización y planificación del tiempo, Apoyo social (hablar con amigos/familia), Consulta con un profesional de salud mental","Escéptico","No tengo una afiliación religiosa, pero si me considero una persona espiritual (por ejemplo, creo en las energías).","Varias veces a la semana.","No, no he asistido","Moderadamente influyente","Entre 3 a 4 horas","Mantenerse en contacto con amigos y familiares, Compartir mi propia vida y experiencias, Consumir contenido de entretenimiento (humor, arte, cultura), Seguir a marcas, celebridades, artistas (músicos/as, actores/actrices, humoristas) o deportistas., Obtener información de noticias y eventos, Seguir a políticos/as o activistas sociales, Seguir a instituciones o personas del mundo académico o científico","No","Desconectándome temporalmente","Instagram","WhatsApp","Poco tiempo.","1 a 2 veces.","A veces, intento encontrar un equilibrio, pero no siempre lo logro.","Ver series y / o películas., Escuchar música., Practicar deporte / ejercitarse.","Sí, con un instructor o grupo","Importante.",3,3,"Si","No","Baja frecuencia (1 vez a la semana)",7,"Entre 1 a 2 horas.","Rock","Reggaetón","En el transporte público","Muy importante"
2024-05-08 18:53:36.136,"brenda.vs.sd@gmail.com","Matilde Cespedes","Sí","Mujer cisgénero","25.0",2019,"recoleta","Clase social baja","Educación Media","Educación Media","Público","3 o 4 horas al día","1 o 2 horas al día","Pesada","58-60","Muy satisfecho",4,"Bastante","Si, se identificar cuando estoy estresado debido a la universidad","Dolores de Cabeza, Tensión o dolor muscular, Fatiga, Problemas de sueño, Irritabilidad o enojo","Técnicas de relajación (como de respiración o relajación muscular), Apoyo social (hablar con amigos/familia), Tomar descansos regulares, Participar en otras actividades creativas (música, arte, escritura)","No creencias","Agnóstico","No mantengo prácticas relacionadas a lo espiritual o lo religioso.","No, no he asistido","No influyente en absoluto","4 horas o más","Consumir contenido de entretenimiento (humor, arte, cultura), Seguir a marcas, celebridades, artistas (músicos/as, actores/actrices, humoristas) o deportistas., Obtener información de noticias y eventos, Seguir a políticos/as o activistas sociales, Seguir a instituciones o personas del mundo académico o científico","No","Desconectándome temporalmente","TikTok","Instagram","Suficiente tiempo.","Más de 6.","No, no administro mi tiempo de manera óptima cuando tengo muchas obligaciones académicas.","Leer. y/o Escribir, Ver series y / o películas., Jugar videojuegos., Escuchar música., Practicar deporte / ejercitarse., Dibujar / pintar., Salir con amigos / familia., Bailar y/o Cantar","No, las realizo de forma individual","Moderadamente importante.",5,4,"No","No","Baja frecuencia (1 vez a la semana)",5,"Entre 3 a 4 horas.","Trap","Reggaetón","En otros lugares","Poco importante"
2024-05-08 18:58:20.989,"sballeri@alumnos.uahurtado.cl","Matilde Céspedes","Sí","Mujer cisgénero","20.0",2022,"Puente Alto","Clase social media","Profesional (Carreras 4 o más años)","Técnico Nivel Superior (Carreras 1 a 3 años)","Particular subvencionado","3 o 4 horas al día","3 o 4 horas al día","Moderada","5.5","Insatisfecho",4,"Bastante","Si, se identificar cuando estoy estresado debido a la universidad","Dolores de Cabeza, Tensión o dolor muscular, Fatiga, Problemas de sueño, Irritabilidad o enojo, Cambios en el apetito, Tics Nerviosos","Ejercicio físico, Apoyo social (hablar con amigos/familia), Consulta con un profesional de salud mental, Participar en otras actividades creativas (música, arte, escritura)","Creencia moderada","No tengo una afiliación religiosa, pero si me considero una persona espiritual (por ejemplo, creo en las energías).","Al menos una vez a la semana. Cuando siento la necesidad.","No, no he asistido","Moderadamente influyente","Entre 3 a 4 horas","Mantenerse en contacto con amigos y familiares, Consumir contenido de entretenimiento (humor, arte, cultura)","No","No me estresa","Instagram","WhatsApp","Poco tiempo.","3 a 4 veces.","No, no administro mi tiempo de manera óptima cuando tengo muchas obligaciones académicas.","Leer. y/o Escribir, Jugar videojuegos., Salir con amigos / familia.","No, las realizo de forma individual","Muy importante.",7,8,"Si","No","Frecuencia moderada (de 2 a 3 veces por semana)",7,"Entre 1 a 2 horas.","Rock","Metal","En su casa o de familiares., En el transporte público, En el lugar de estudio","Muy importante"
2024-05-08 19:11:29.163,"valeriaverdugomonardes@gmail.com","Matilde Céspedes","Sí","Mujer cisgénero","20.0",2023,"Estación Central","Clase social media","Profesional (Carreras 4 o más años)","Profesional (Carreras 4 o más años)","Público","5 o 6 horas por días","3 o 4 horas al día","Muy pesada","5.5","Satisfecho",5,"Bastante","Si, se identificar cuando estoy estresado debido a la universidad","Dolores de Cabeza, Tensión o dolor muscular, Problemas de sueño, Problemas dermatológicos","No utilizo estrategias para manejar el estrés académico","Escéptico","No tengo una afiliación religiosa, pero si me considero una persona espiritual (por ejemplo, creo en las energías).","Al menos una vez a la semana. Cuando siento la necesidad.","No, no he asistido","Menos influyente","4 horas o más","Consumir contenido de entretenimiento (humor, arte, cultura), Seguir a marcas, celebridades, artistas (músicos/as, actores/actrices, humoristas) o deportistas., Obtener información de noticias y eventos, Seguir a instituciones o personas del mundo académico o científico, Participar en grupos o comunidades de interés (Ej: Grupo de Instagram de fans de Los Bunkers)","A veces","Desconectándome temporalmente","Instagram","Twitter/X","Poco tiempo.","Más de 6.","A veces, intento encontrar un equilibrio, pero no siempre lo logro.","Leer. y/o Escribir, Ver series y / o películas., Salir con amigos / familia.","No, las realizo de forma individual","Moderadamente importante.",4,4,"No","No","Frecuencia moderada (de 2 a 3 veces por semana)",7,"Entre 3 a 4 horas.","K-Pop","Trap","En su casa o de familiares., En casa de amigos., En el transporte público","Muy importante"
2024-05-08 19:19:21.893,"mariana.ahumada.leyton@gmail.com","Krishna Asencio","Sí","Mujer cisgénero","26.0",2019,"Ñuñoa","Clase social media - baja","Educación Media","Educación Media","Particular subvencionado","3 o 4 horas al día","1 o 2 horas al día","Moderada","5.2","Satisfecho",4,"Bastante","No, no se identificar cuando estoy estresado debido a la universidad","Dolores de Cabeza, Tensión o dolor muscular, Dolor en el pecho, Fatiga, Problemas de sueño, Irritabilidad o enojo, Cambios en el apetito, Sudoración excesiva","Organización y planificación del tiempo, Apoyo social (hablar con amigos/familia), Consulta con un profesional de salud mental, Tomar descansos regulares","Dudas ocasionales","Ateo","No mantengo prácticas relacionadas a lo espiritual o lo religioso.","No, no he asistido","Menos influyente","4 horas o más","Mantenerse en contacto con amigos y familiares, Compartir mi propia vida y experiencias, Consumir contenido de entretenimiento (humor, arte, cultura), Seguir a marcas, celebridades, artistas (músicos/as, actores/actrices, humoristas) o deportistas., Obtener información de noticias y eventos, Seguir a políticos/as o activistas sociales, Seguir a instituciones o personas del mundo académico o científico, Participar en grupos o comunidades de interés (Ej: Grupo de Instagram de fans de Los Bunkers), Tengo mi trabajo independiente que gestiono por redes sociales","No","Bloqueando o reportando usuarios problemáticos","Instagram","TikTok","Suficiente tiempo.","1 a 2 veces.","A veces, intento encontrar un equilibrio, pero no siempre lo logro.","Leer. y/o Escribir, Ver series y / o películas., Salir con amigos / familia.","No, las realizo de forma individual","Muy importante.",4,2,"No","No","Frecuencia moderada (de 2 a 3 veces por semana)",7,"Entre 3 a 4 horas.","Pop","Jazz","En su casa o de familiares., En casa de amigos., En el transporte público, En el lugar de estudio, En otros lugares","Importante"
2024-05-08 19:31:07.492,"cataaa.conycastro@gmail.com","Patricia González","Sí","Mujer cisgénero","20.0",2023,"Los Andes","Clase social media - alta","Profesional (Carreras 4 o más años)","Educación Media","Público","3 o 4 horas al día","5 o 6 horas por días","Moderada","6.3","Satisfecho",4,"Mucho","A veces, dependiendo de la situación puedo o no identificar si estoy estresado por la universidad.","Dolores de Cabeza, Tensión o dolor muscular, Fatiga, Problemas de sueño, Irritabilidad o enojo, Diarrea, Cambios en el apetito, Problemas dermatológicos","Técnicas de relajación (como de respiración o relajación muscular), Apoyo social (hablar con amigos/familia), Tomar descansos regulares, Participar en otras actividades creativas (música, arte, escritura)","Dudas ocasionales","No tengo una afiliación religiosa, pero si me considero una persona espiritual (por ejemplo, creo en las energías).","No mantengo prácticas relacionadas a lo espiritual o lo religioso.","No, no he asistido","Moderadamente influyente","4 horas o más","Mantenerse en contacto con amigos y familiares, Consumir contenido de entretenimiento (humor, arte, cultura), Obtener información de noticias y eventos","A veces","Bloqueando o reportando usuarios problemáticos","Instagram","TikTok","Suficiente tiempo.","1 a 2 veces.","A veces, intento encontrar un equilibrio, pero no siempre lo logro.","Jugar videojuegos., Escuchar música., Tocar música., Salir con amigos / familia.","Sí, con un instructor o grupo","Muy importante.",8,7,"No","No","Baja frecuencia (1 vez a la semana)",7,"Entre 1 a 2 horas.","Pop","Folklore","En su casa o de familiares., En el lugar de estudio","Importante"
2024-05-08 19:47:21.041,"anto.selman@gmail.com","Patricia González","Sí","Mujer cisgénero","22 años",2020,"San Miguel","Clase social media","Profesional (Carreras 4 o más años)","Profesional (Carreras 4 o más años)","Particular subvencionado","3 o 4 horas al día","1 o 2 horas al día","Moderada","6.6","Muy satisfecho",5,"Moderado","A veces, dependiendo de la situación puedo o no identificar si estoy estresado por la universidad.","Dolores de Cabeza, Tensión o dolor muscular, Dolor en el pecho, Fatiga, Problemas de sueño, Irritabilidad o enojo, Diarrea, Cambios en el apetito, Problemas dermatológicos","Ejercicio físico, Técnicas de relajación (como de respiración o relajación muscular), Organización y planificación del tiempo, Apoyo social (hablar con amigos/familia), Consulta con un profesional de salud mental, Tomar descansos regulares","No creencias","No tengo una afiliación religiosa, pero si me considero una persona espiritual (por ejemplo, creo en las energías).","A diario.","No, no he asistido","Moderadamente influyente","Entre 3 a 4 horas","Mantenerse en contacto con amigos y familiares, Compartir mi propia vida y experiencias, Consumir contenido de entretenimiento (humor, arte, cultura), Seguir a marcas, celebridades, artistas (músicos/as, actores/actrices, humoristas) o deportistas., Obtener información de noticias y eventos, Seguir a políticos/as o activistas sociales","A veces","Desconectándome temporalmente","Instagram","WhatsApp","Bastante tiempo.","Más de 6.","A veces, intento encontrar un equilibrio, pero no siempre lo logro.","Ver series y / o películas., Practicar deporte / ejercitarse., Salir con amigos / familia.","Sí, con un instructor o grupo","Muy importante.",7,7,"Si","Sí","Baja frecuencia (1 vez a la semana)",4,"Menos de una hora","Pop","Reggaetón","En su casa o de familiares., En casa de amigos., En el transporte público","Importante"
2024-05-08 19:54:23.067,"marianna.ppc@gmail.com","Krishna Asencio","Sí","Mujer cisgénero","20.0",2022,"La Florida","Clase social media","Técnico Nivel Superior (Carreras 1 a 3 años)","Educación Media","Público","3 o 4 horas al día","1 o 2 horas al día","Pesada","5.1","Insatisfecho",5,"Bastante","A veces, dependiendo de la situación puedo o no identificar si estoy estresado por la universidad.","Dolores de Cabeza, Tensión o dolor muscular, Problemas de sueño, Irritabilidad o enojo, Cambios en el apetito, Problemas dermatológicos, Tics Nerviosos","Ejercicio físico","Dudas ocasionales","No tengo una afiliación religiosa, pero si me considero una persona espiritual (por ejemplo, creo en las energías).","Al menos una vez a la semana. Cuando siento la necesidad.","No, no he asistido","Moderadamente influyente","4 horas o más","Mantenerse en contacto con amigos y familiares, Compartir mi propia vida y experiencias, Consumir contenido de entretenimiento (humor, arte, cultura), Seguir a políticos/as o activistas sociales, Seguir a instituciones o personas del mundo académico o científico, Participar en grupos o comunidades de interés (Ej: Grupo de Instagram de fans de Los Bunkers)","Sí","Desconectándome temporalmente","Instagram","TikTok","Suficiente tiempo.","1 a 2 veces.","A veces, intento encontrar un equilibrio, pero no siempre lo logro.","Escuchar música., Practicar deporte / ejercitarse., Salir con amigos / familia., Bailar y/o Cantar","Sí, con un instructor o grupo","Moderadamente importante.",6,7,"Si","Sí","Baja frecuencia (1 vez a la semana)",6,"Entre 5 a 6 horas.","Indie alternativo","Reggaetón","En su casa o de familiares., En casa de amigos., En el transporte público","Muy importante"
2024-05-08 19:59:00.921,"cristobal_joa@hotmail.com","Sofía Ballerino","Sí","Hombre cisgénero","25.0",2021,"San Joaquín","Clase social media - baja","Educación Media","Educación Media","Particular subvencionado","3 o 4 horas al día","1 o 2 horas al día","Moderada","5.9","Satisfecho",3,"Bastante","Si, se identificar cuando estoy estresado debido a la universidad","Dolores de Cabeza, Tensión o dolor muscular, Dolor en el pecho, Irritabilidad o enojo, Diarrea, Problemas dermatológicos, Tics Nerviosos","Organización y planificación del tiempo, Apoyo social (hablar con amigos/familia), Tomar descansos regulares, Participar en otras actividades creativas (música, arte, escritura)","Escéptico","Agnóstico","No mantengo prácticas relacionadas a lo espiritual o lo religioso.","No, no he asistido","Menos influyente","4 horas o más","Mantenerse en contacto con amigos y familiares, Compartir mi propia vida y experiencias, Consumir contenido de entretenimiento (humor, arte, cultura), Seguir a marcas, celebridades, artistas (músicos/as, actores/actrices, humoristas) o deportistas., Obtener información de noticias y eventos, Seguir a políticos/as o activistas sociales, Participar en grupos o comunidades de interés (Ej: Grupo de Instagram de fans de Los Bunkers)","A veces","Bloqueando o reportando usuarios problemáticos","YouTube","Facebook","Poco tiempo.","Más de 6.","A veces, intento encontrar un equilibrio, pero no siempre lo logro.","Leer. y/o Escribir, Escuchar música., Ver videos en YouTube de temas variados.","No, las realizo de forma individual","Muy importante.",3,10,"No","No","Frecuencia moderada (de 2 a 3 veces por semana)",7,"Entre 3 a 4 horas.","Electrónica","Pop","En su casa o de familiares., En casa de amigos., En el transporte público, En el lugar de estudio","Muy importante"
2024-05-08 20:01:50.536,"matus.cespedesg@gmail.com","Patricia Gonzalez","Sí","Mujer cisgénero","22.0",2022,"Providencia","Clase social media - alta","Profesional (Carreras 4 o más años)","Magíster o maestría","Particular","5 o 6 horas por días","3 o 4 horas al día","Pesada","60.0","Satisfecho",5,"Mucho","Si, se identificar cuando estoy estresado debido a la universidad","Dolores de Cabeza, Tensión o dolor muscular, Dolor en el pecho, Problemas de sueño, Irritabilidad o enojo, Cambios en el apetito, Problemas dermatológicos, Sudoración excesiva, Tics Nerviosos","Apoyo social (hablar con amigos/familia), Consulta con un profesional de salud mental, Tomar descansos regulares","No creencias","Agnóstico","No mantengo prácticas relacionadas a lo espiritual o lo religioso.","No, no he asistido","No influyente en absoluto","4 horas o más","Mantenerse en contacto con amigos y familiares, Consumir contenido de entretenimiento (humor, arte, cultura), Obtener información de noticias y eventos","No","No me estresa","TikTok","Instagram","Poco tiempo.","1 a 2 veces.","A veces, intento encontrar un equilibrio, pero no siempre lo logro.","Ver series y / o películas., Tocar música., Salir con amigos / familia.","No, las realizo de forma individual","Muy importante.",5,5,"No","No","Frecuencia moderada (de 2 a 3 veces por semana)",7,"Entre 3 a 4 horas.","Boleros","Folklore","En su casa o de familiares.","Muy importante"
2024-05-08 20:01:52.479,"belen.huincache@gmail.com","Verónica Moya","Sí","Mujer cisgénero","20.0",2023,"Puente Alto","Clase social media - baja","Educación Media","Educación Media Técnica Profesional","Particular","1 o 2 horas al día","1 o 2 horas al día","Moderada",NA,"Muy satisfecho",4,"Moderado","Si, se identificar cuando estoy estresado debido a la universidad","Tensión o dolor muscular, Fatiga, Irritabilidad o enojo, Cambios en el apetito, Problemas dermatológicos, Tics Nerviosos","No utilizo estrategias para manejar el estrés académico","Creencia moderada","No tengo una afiliación religiosa, pero si me considero una persona espiritual (por ejemplo, creo en las energías).","No mantengo prácticas relacionadas a lo espiritual o lo religioso.","No, no he asistido","No influyente en absoluto","4 horas o más","Mantenerse en contacto con amigos y familiares, Consumir contenido de entretenimiento (humor, arte, cultura)","No","No me estresa","TikTok","Instagram","Suficiente tiempo.","3 a 4 veces.","A veces, intento encontrar un equilibrio, pero no siempre lo logro.","Leer. y/o Escribir, Ver series y / o películas., Escuchar música.","No, las realizo de forma individual","Moderadamente importante.",4,5,"No","No","Baja frecuencia (1 vez a la semana)",7,"Entre 3 a 4 horas.","indie pop","K-Pop","En su casa o de familiares., En el transporte público","Muy importante"
2024-05-08 20:14:13.156,"alenmb30@gmail.com","Patricia González","Sí","Hombre cisgénero","23.0",2019,"Puente Alto","Clase social media - baja","Educación Media Técnica Profesional","Educación Media Técnica Profesional","Particular subvencionado","1 o 2 horas al día","1 o 2 horas al día","Moderada","6.4","Insatisfecho",4,"Bastante","Si, se identificar cuando estoy estresado debido a la universidad","Problemas de sueño, Irritabilidad o enojo","Tomar descansos regulares, Participar en otras actividades creativas (música, arte, escritura)","Dudas ocasionales","No tengo una afiliación religiosa, pero si me considero una persona espiritual (por ejemplo, creo en las energías).","No mantengo prácticas relacionadas a lo espiritual o lo religioso.","No, no he asistido","No influyente en absoluto","Entre 1 a 2 horas","Mantenerse en contacto con amigos y familiares, Consumir contenido de entretenimiento (humor, arte, cultura), Obtener información de noticias y eventos, Seguir a instituciones o personas del mundo académico o científico, Participar en grupos o comunidades de interés (Ej: Grupo de Instagram de fans de Los Bunkers)","No","No me estresa","Instagram","Facebook","Bastante tiempo.","Más de 6.","A veces, intento encontrar un equilibrio, pero no siempre lo logro.","Jugar videojuegos., Escuchar música., Practicar deporte / ejercitarse.","Sí, con un instructor o grupo","Importante.",6,4,"No","No","Baja frecuencia (1 vez a la semana)",7,"Entre 3 a 4 horas.","Rock","Pop","En su casa o de familiares., En el transporte público, En el lugar de estudio","Muy importante"
2024-05-08 20:21:17.258,"nazareth.vsa@gmail.com","Sofía Ballerino","Sí","Mujer cisgénero","20.0",2022,"Maipú","Clase social media - baja","Educación Media","Técnico Nivel Superior (Carreras 1 a 3 años)","Público","1 o 2 horas al día","5 o 6 horas por días","Muy pesada","Entre 5.0 y 5.5","Insatisfecho",5,"Bastante","A veces, dependiendo de la situación puedo o no identificar si estoy estresado por la universidad.","Dolores de Cabeza, Dolor en el pecho, Fatiga, Problemas de sueño, Irritabilidad o enojo, Diarrea, Cambios en el apetito","Técnicas de relajación (como de respiración o relajación muscular), Apoyo social (hablar con amigos/familia), Tomar descansos regulares, Participar en otras actividades creativas (música, arte, escritura), Drogas","No creencias","Agnóstico","No mantengo prácticas relacionadas a lo espiritual o lo religioso.","No, no he asistido","Menos influyente","Entre 3 a 4 horas","Mantenerse en contacto con amigos y familiares, Compartir mi propia vida y experiencias, Consumir contenido de entretenimiento (humor, arte, cultura), Seguir a marcas, celebridades, artistas (músicos/as, actores/actrices, humoristas) o deportistas., Obtener información de noticias y eventos, Seguir a políticos/as o activistas sociales, Seguir a instituciones o personas del mundo académico o científico, Participar en grupos o comunidades de interés (Ej: Grupo de Instagram de fans de Los Bunkers), Modo de difusión","A veces","Desconectándome temporalmente","Instagram","Facebook","Poco tiempo.","1 a 2 veces.","A veces, intento encontrar un equilibrio, pero no siempre lo logro.","Ver series y / o películas., Jugar videojuegos., Salir con amigos / familia.","Sí, con un instructor o grupo","Muy importante.",8,7,"Si","No","Baja frecuencia (1 vez a la semana)",7,"Entre 3 a 4 horas.","Hardtechno","Rock","En su casa o de familiares., En casa de amigos., En el transporte público, En el lugar de estudio","Muy importante"
2024-05-08 20:37:53.782,"javier.tampe18@gmail.com","Valeria Carvajal Donoso","Sí","No binarie","24.0",2020,"Talagante","Clase social media","Educación Media Técnica Profesional","Profesional (Carreras 4 o más años)","Particular subvencionado","3 o 4 horas al día","1 o 2 horas al día","Ligera",NA,"Satisfecho",4,"Bastante","Si, se identificar cuando estoy estresado debido a la universidad","Dolores de Cabeza, Tensión o dolor muscular, Fatiga, Problemas de sueño, Sudoración excesiva","Organización y planificación del tiempo, Apoyo social (hablar con amigos/familia), Tomar descansos regulares, Participar en otras actividades creativas (música, arte, escritura)","Escéptico","Ateo","No mantengo prácticas relacionadas a lo espiritual o lo religioso.","No, no he asistido","No influyente en absoluto","Entre 1 a 2 horas","Mantenerse en contacto con amigos y familiares, Consumir contenido de entretenimiento (humor, arte, cultura)","No","No me estresa","Twitch","WhatsApp","Suficiente tiempo.","3 a 4 veces.","A veces, intento encontrar un equilibrio, pero no siempre lo logro.","Ver series y / o películas., Jugar videojuegos., Tocar música.","Sí, con un instructor o grupo","Muy importante.",5,3,"No","Sí","Baja frecuencia (1 vez a la semana)",7,"Entre 3 a 4 horas.","Rock","Pop","En su casa o de familiares., En el transporte público, En el lugar de estudio","Muy importante"
2024-05-08 21:22:01.353,"zachir13@gmail.com","Mariana Pérez","Sí","No binarie","24.0",2024,"Puente Alto","Clase social media - baja","Profesional (Carreras 4 o más años)","Educación Media","Particular subvencionado","1 o 2 horas al día","1 o 2 horas al día","Pesada","0.0","Insatisfecho",NA,"Bastante","Si, se identificar cuando estoy estresado debido a la universidad","No he experimentado síntomas físicos","Técnicas de relajación (como de respiración o relajación muscular), Organización y planificación del tiempo, Apoyo social (hablar con amigos/familia), Consulta con un profesional de salud mental, Tomar descansos regulares","No creencias","Ateo","No mantengo prácticas relacionadas a lo espiritual o lo religioso.","No, no he asistido","No influyente en absoluto","Entre 1 a 2 horas","Mantenerse en contacto con amigos y familiares, Consumir contenido de entretenimiento (humor, arte, cultura), Obtener información de noticias y eventos","A veces","Desconectándome temporalmente","Instagram","Facebook","Poco tiempo.","3 a 4 veces.","No, no administro mi tiempo de manera óptima cuando tengo muchas obligaciones académicas.","Ver series y / o películas., Jugar videojuegos., Escuchar música., Tocar música., Salir con amigos / familia.","No, las realizo de forma individual","Muy importante.",5,5,"No","No","Frecuencia moderada (de 2 a 3 veces por semana)",7,"Entre 3 a 4 horas.","Rock","Pop","En su casa o de familiares., En el transporte público, En el lugar de estudio, En otros lugares","Muy importante"
2024-05-08 21:44:01.202,"josefinanv.03@gmail.com","Krishna Asencio","Sí","Mujer cisgénero","20 años",2023,"Pedro Aguirre Cerda","Clase social baja","Educación Media","Educación Media","Público","5 o 6 horas por días","3 o 4 horas al día","Pesada","6.0","Satisfecho",4,"Mucho","A veces, dependiendo de la situación puedo o no identificar si estoy estresado por la universidad.","Dolores de Cabeza, Tensión o dolor muscular, Fatiga, Problemas de sueño, Irritabilidad o enojo, Cambios en el apetito, Problemas dermatológicos, Tics Nerviosos","Técnicas de relajación (como de respiración o relajación muscular), Organización y planificación del tiempo","Dudas ocasionales","Ateo","No mantengo prácticas relacionadas a lo espiritual o lo religioso.","No, no he asistido","Menos influyente","Entre 1 a 2 horas","Mantenerse en contacto con amigos y familiares, Obtener información de noticias y eventos,","No","Desconectándome temporalmente","TikTok","Pinterest","Poco tiempo.","No realizo actividades de ocio.","Sí, suelo planificar mi tiempo cuidadosamente para equilibrar mis obligaciones académicas y actividades de ocio.","Escuchar música., Dibujar / pintar.","No, las realizo de forma individual","Poco importante.",6,7,"No","No","Alta frecuencia (usualmente todos mis productos)",7,"Más de 7 horas.","Rock","Pop","En su casa o de familiares., En otros lugares","Muy importante"
2024-05-08 21:49:24.944,"Francisca.araa@gmail.com","Matilde Céspedes","Sí","Mujer cisgénero","20.0",2023,"La Reina","Clase social media","Educación Media","Profesional (Carreras 4 o más años)","Particular","3 o 4 horas al día","3 o 4 horas al día","Pesada","6.0","Insatisfecho",5,"Mucho","A veces, dependiendo de la situación puedo o no identificar si estoy estresado por la universidad.","Problemas de sueño, Irritabilidad o enojo, Cambios en el apetito, Problemas dermatológicos, Tics Nerviosos","Ejercicio físico, Organización y planificación del tiempo, Participar en otras actividades creativas (música, arte, escritura)","Creencia firme","Cristianismo Protestante (Evangélico, anglicano, etcétera)","A diario.","Sí, asisto","Muy influyente","4 horas o más","Mantenerse en contacto con amigos y familiares, Compartir mi propia vida y experiencias, Consumir contenido de entretenimiento (humor, arte, cultura), Obtener información de noticias y eventos, Seguir a políticos/as o activistas sociales","Sí","Desconectándome temporalmente","Instagram","TikTok","Poco tiempo.","1 a 2 veces.","A veces, intento encontrar un equilibrio, pero no siempre lo logro.","Dibujar / pintar., Salir con amigos / familia., Bailar y/o Cantar","Sí, con un instructor o grupo","Muy importante.",8,8,"No","No","Alta frecuencia (usualmente todos mis productos)",7,"Entre 3 a 4 horas.","Folklore","Hip-Hop, Rap, Freestyle","En su casa o de familiares., En casa de amigos., En el transporte público, En el lugar de estudio","Importante"
2024-05-08 21:55:07.715,"hv.carrenorodriguez@gmail.com","Alonso Silva","Sí","Agénero","28.0",2020,"San Miguel","Clase social media - baja","Profesional (Carreras 4 o más años)","Magíster o maestría","Público","1 o 2 horas al día","3 o 4 horas al día","Ligera","63.0","Satisfecho",4,"Bastante","Si, se identificar cuando estoy estresado debido a la universidad","Fatiga, Problemas de sueño, Irritabilidad o enojo, Problemas dermatológicos","Organización y planificación del tiempo, Apoyo social (hablar con amigos/familia), Tomar descansos regulares","No creencias","Ateo","No mantengo prácticas relacionadas a lo espiritual o lo religioso.","No, no he asistido","No influyente en absoluto","Entre 3 a 4 horas","Mantenerse en contacto con amigos y familiares, Consumir contenido de entretenimiento (humor, arte, cultura), Seguir a marcas, celebridades, artistas (músicos/as, actores/actrices, humoristas) o deportistas., Obtener información de noticias y eventos, Seguir a políticos/as o activistas sociales, Seguir a instituciones o personas del mundo académico o científico, Participar en grupos o comunidades de interés (Ej: Grupo de Instagram de fans de Los Bunkers)","No","Desconectándome temporalmente","Instagram","TikTok","Suficiente tiempo.","3 a 4 veces.","Sí, suelo planificar mi tiempo cuidadosamente para equilibrar mis obligaciones académicas y actividades de ocio.","Leer. y/o Escribir, Jugar videojuegos., Escuchar música.","Sí, con un instructor o grupo","Muy importante.",8,4,"No","No","Frecuencia moderada (de 2 a 3 veces por semana)",7,"Entre 3 a 4 horas.","Rock","Cumbia","En su casa o de familiares., En casa de amigos., En el transporte público, En el lugar de estudio, En otros lugares","Muy importante"
2024-05-08 21:56:37.822,"vovepaz@gmail.com","Alonso Silva","Sí","Mujer cisgénero","18.0",2024,"Santiago Centro","Clase social media","Profesional (Carreras 4 o más años)","Profesional (Carreras 4 o más años)","Particular","1 o 2 horas al día","1 o 2 horas al día","Pesada",NA,"Insatisfecho",4,"Bastante","A veces, dependiendo de la situación puedo o no identificar si estoy estresado por la universidad.","Dolores de Cabeza, Tensión o dolor muscular, Fatiga, Problemas de sueño, Irritabilidad o enojo, Diarrea, Cambios en el apetito, Sudoración excesiva, Tics Nerviosos","No utilizo estrategias para manejar el estrés académico","Dudas ocasionales","No tengo una afiliación religiosa, pero si me considero una persona espiritual (por ejemplo, creo en las energías).","Varias veces a la semana.","No, no he asistido","Moderadamente influyente","Entre 3 a 4 horas","Mantenerse en contacto con amigos y familiares, Consumir contenido de entretenimiento (humor, arte, cultura), Seguir a marcas, celebridades, artistas (músicos/as, actores/actrices, humoristas) o deportistas., Obtener información de noticias y eventos, Seguir a instituciones o personas del mundo académico o científico","No","Desconectándome temporalmente","Instagram","TikTok","Poco tiempo.","1 a 2 veces.","No, no administro mi tiempo de manera óptima cuando tengo muchas obligaciones académicas.","Leer. y/o Escribir, Ver series y / o películas., Escuchar música., Dibujar / pintar., Salir con amigos / familia.","No, las realizo de forma individual","Muy importante.",6,8,"Si","No","Baja frecuencia (1 vez a la semana)",6,"Entre 3 a 4 horas.","Rock","Reggaetón","En su casa o de familiares., En casa de amigos., En el transporte público, En otros lugares","Muy importante"
2024-05-08 22:04:26.376,"rominacontrerassaez1@gmail.com","Venecia Moreno","Sí","Mujer cisgénero","18.0",2024,"Recoleta","Clase social media - baja","Educación Media Técnica Profesional","Educación Media","Público","3 o 4 horas al día","1 o 2 horas al día","Moderada","4.5","Insatisfecho",3,"Bastante","Si, se identificar cuando estoy estresado debido a la universidad","Dolores de Cabeza, Tensión o dolor muscular, Fatiga, Problemas de sueño, Irritabilidad o enojo, Cambios en el apetito, Tics Nerviosos","Técnicas de relajación (como de respiración o relajación muscular), Organización y planificación del tiempo, Apoyo social (hablar con amigos/familia), Tomar descansos regulares, Participar en otras actividades creativas (música, arte, escritura)","Creencia firme","No tengo una afiliación religiosa, pero si me considero una persona espiritual (por ejemplo, creo en las energías).","Al menos una vez a la semana. Cuando siento la necesidad.","Sí, asisto","Menos influyente","4 horas o más","Mantenerse en contacto con amigos y familiares, Consumir contenido de entretenimiento (humor, arte, cultura), Seguir a marcas, celebridades, artistas (músicos/as, actores/actrices, humoristas) o deportistas., Obtener información de noticias y eventos, Seguir a políticos/as o activistas sociales, Seguir a instituciones o personas del mundo académico o científico","A veces","Desconectándome temporalmente","Instagram","WhatsApp","Poco tiempo.","3 a 4 veces.","No, no administro mi tiempo de manera óptima cuando tengo muchas obligaciones académicas.","Ver series y / o películas., Practicar deporte / ejercitarse., Dibujar / pintar., Salir con amigos / familia.","No, las realizo de forma individual","Importante.",5,5,"Si","No","Frecuencia moderada (de 2 a 3 veces por semana)",4,"Entre 1 a 2 horas.","Reggaetón","Jazz","En su casa o de familiares., En casa de amigos., En el transporte público, En otros lugares","Importante"
2024-05-08 22:07:39.746,"alejandra2002nmc@gmail.com","Alonso Silva","Sí","Mujer cisgénero","21.0",2022,"Maipú","Clase social media","Educación Media","Educación Media","Público","1 o 2 horas al día","1 o 2 horas al día","Moderada","5.5","Insatisfecho",4,"Moderado","Si, se identificar cuando estoy estresado debido a la universidad","Dolores de Cabeza, Irritabilidad o enojo, Tics Nerviosos","Apoyo social (hablar con amigos/familia), Tomar descansos regulares, Participar en otras actividades creativas (música, arte, escritura)","Dudas ocasionales","Catolico","No mantengo prácticas relacionadas a lo espiritual o lo religioso.","No, no he asistido","Moderadamente influyente","4 horas o más","Mantenerse en contacto con amigos y familiares, Consumir contenido de entretenimiento (humor, arte, cultura)","No","No me estresa","Twitter/X","TikTok","Poco tiempo.","3 a 4 veces.","No, no administro mi tiempo de manera óptima cuando tengo muchas obligaciones académicas.","Leer. y/o Escribir, Ver series y / o películas., Salir con amigos / familia.","No, las realizo de forma individual","Importante.",1,5,"No","No","Baja frecuencia (1 vez a la semana)",7,"Entre 1 a 2 horas.","Pop","Rock","En su casa o de familiares., En el transporte público, En el lugar de estudio","Importante"
2024-05-08 22:13:32.878,"ffredesmora@gmail.com","Alonso Silva","Sí","Mujer cisgénero","21.0",2021,"San Miguel","Clase social media","Profesional (Carreras 4 o más años)","Técnico Nivel Superior (Carreras 1 a 3 años)","Particular subvencionado","1 o 2 horas al día","1 o 2 horas al día","Moderada","50.0","Insatisfecho",4,"Bastante","Si, se identificar cuando estoy estresado debido a la universidad","Dolores de Cabeza, Tensión o dolor muscular, Problemas de sueño, Irritabilidad o enojo, Diarrea, Cambios en el apetito, Problemas dermatológicos","Apoyo social (hablar con amigos/familia), Tomar descansos regulares, Participar en otras actividades creativas (música, arte, escritura)","Creencia moderada","No tengo una afiliación religiosa, pero si me considero una persona espiritual (por ejemplo, creo en las energías).","Al menos una vez a la semana. Cuando siento la necesidad.","No, no he asistido","Menos influyente","Entre 3 a 4 horas","Mantenerse en contacto con amigos y familiares, Compartir mi propia vida y experiencias, Consumir contenido de entretenimiento (humor, arte, cultura)","No","Desconectándome temporalmente","Instagram","TikTok","Suficiente tiempo.","3 a 4 veces.","A veces, intento encontrar un equilibrio, pero no siempre lo logro.","Ver series y / o películas., Escuchar música., Dibujar / pintar., Salir con amigos / familia.","No, las realizo de forma individual","Importante.",5,4,"No","No","Frecuencia moderada (de 2 a 3 veces por semana)",7,"Entre 3 a 4 horas.","Reggaetón","Rock","En su casa o de familiares., En casa de amigos., En el transporte público","Importante"
2024-05-08 22:15:25.161,"sashavera27@gmail.com","Alonso Silva","Sí","Mujer cisgénero","21.0",2023,"Huechuraba","Clase social media","Profesional (Carreras 4 o más años)","Educación Media","Particular subvencionado","1 o 2 horas al día","1 o 2 horas al día","Moderada","No sé :(","Insatisfecho",5,"Bastante","Si, se identificar cuando estoy estresado debido a la universidad","Dolores de Cabeza, Fatiga, Problemas de sueño, Irritabilidad o enojo, Cambios en el apetito, Problemas dermatológicos, Tics Nerviosos","Organización y planificación del tiempo, Apoyo social (hablar con amigos/familia), Tomar descansos regulares","Escéptico","Agnóstico","No mantengo prácticas relacionadas a lo espiritual o lo religioso.","No, no he asistido","Menos influyente","Entre 3 a 4 horas","Mantenerse en contacto con amigos y familiares, Consumir contenido de entretenimiento (humor, arte, cultura), Obtener información de noticias y eventos, Seguir a políticos/as o activistas sociales, Seguir a instituciones o personas del mundo académico o científico","No","No me estresa","Instagram","WhatsApp","Poco tiempo.","3 a 4 veces.","A veces, intento encontrar un equilibrio, pero no siempre lo logro.","Jugar videojuegos., Dibujar / pintar., Salir con amigos / familia.","No, las realizo de forma individual","Muy importante.",6,4,"No","No","Frecuencia moderada (de 2 a 3 veces por semana)",5,"Entre 1 a 2 horas.","Pop","Jazz","En el transporte público","Importante"
2024-05-08 22:35:32.542,"veronicapazmoya@gmail.com","Isidora Aros","Sí","Mujer cisgénero","22.0",2021,"Paine","Clase social media","Educación Media","Educación Media","Particular subvencionado","1 o 2 horas al día","1 o 2 horas al día","Pesada","5.3","Muy insatisfecho",5,"Mucho","Si, se identificar cuando estoy estresado debido a la universidad","Dolores de Cabeza, Tensión o dolor muscular, Dolor en el pecho, Fatiga, Irritabilidad o enojo, Tics Nerviosos","Apoyo social (hablar con amigos/familia), Tomar descansos regulares","Creencia firme","No tengo una afiliación religiosa, pero si me considero una persona espiritual (por ejemplo, creo en las energías).","Al menos una vez a la semana. Cuando siento la necesidad.","No, no he asistido","No influyente en absoluto","4 horas o más","Mantenerse en contacto con amigos y familiares, Consumir contenido de entretenimiento (humor, arte, cultura)","A veces","Desconectándome temporalmente","TikTok","Instagram","Suficiente tiempo.","Más de 6.","A veces, intento encontrar un equilibrio, pero no siempre lo logro.","Ver series y / o películas., Escuchar música., Salir con amigos / familia.","No, las realizo de forma individual","Muy importante.",3,10,"No","No","Baja frecuencia (1 vez a la semana)",7,"Entre 3 a 4 horas.","Trap","Hip-Hop, Rap, Freestyle","En el transporte público","Importante"
2024-05-08 22:38:34,"4lv4r00602@gmail.com","Consuelo Llantén","Sí","Hombre cisgénero","18.0",2024,"San Bernardo","Clase social media - baja","Educación Media","Educación Media","Particular subvencionado","3 o 4 horas al día","1 o 2 horas al día","Moderada","5.4","Satisfecho",3,"Moderado","A veces, dependiendo de la situación puedo o no identificar si estoy estresado por la universidad.","Dolores de Cabeza, Fatiga, Problemas de sueño, Irritabilidad o enojo, Cambios en el apetito, Problemas dermatológicos, Tics Nerviosos","Tomar descansos regulares, Participar en otras actividades creativas (música, arte, escritura)","Creencia firme","Cristianismo Protestante (Evangélico, anglicano, etcétera)","A diario.","Sí, asisto","Muy influyente","Entre 3 a 4 horas","Mantenerse en contacto con amigos y familiares, Compartir mi propia vida y experiencias, Consumir contenido de entretenimiento (humor, arte, cultura)","No","No me estresa","Instagram","WhatsApp","Suficiente tiempo.","Más de 6.","A veces, intento encontrar un equilibrio, pero no siempre lo logro.","Ver series y / o películas., Escuchar música., Tocar música.","Sí, con un instructor o grupo","Muy importante.",7,6,"No","No","Baja frecuencia (1 vez a la semana)",7,"Entre 5 a 6 horas.","Pop","Reggaetón","En su casa o de familiares., En el transporte público, En el lugar de estudio","Muy importante"
2024-05-08 23:12:45.674,"morenofranciscavenecia@gmail.com","Pedro Villarroel","Sí","Mujer cisgénero","24.0",2022,"Peñaflor","Clase social media - baja","Educación Media","Educación Media","Particular subvencionado","3 o 4 horas al día","3 o 4 horas al día","Pesada","5.7","Satisfecho",5,"Mucho","A veces, dependiendo de la situación puedo o no identificar si estoy estresado por la universidad.","Dolores de Cabeza, Tensión o dolor muscular, Fatiga, Irritabilidad o enojo, Diarrea, Cambios en el apetito, Problemas dermatológicos, Sudoración excesiva","Apoyo social (hablar con amigos/familia), Tomar descansos regulares, Participar en otras actividades creativas (música, arte, escritura), Dormir y pasar tiempo con mi mascota, jugar video juegos, ver anime o podcast de alguna serie o temas de pop cultura o en general","Creencia firme","Cristianismo Protestante (Evangélico, anglicano, etcétera)","A diario.","No, no he asistido","Muy influyente","4 horas o más","Mantenerse en contacto con amigos y familiares, Compartir mi propia vida y experiencias, Consumir contenido de entretenimiento (humor, arte, cultura), Seguir a marcas, celebridades, artistas (músicos/as, actores/actrices, humoristas) o deportistas., Obtener información de noticias y eventos, Seguir a instituciones o personas del mundo académico o científico, Participar en grupos o comunidades de interés (Ej: Grupo de Instagram de fans de Los Bunkers), Inspiración para actividades artisticas o seguimientos de ilustradores","A veces","Configurar el logaritmo a contenido no deseado o que puede afectarme emocionalmente","Instagram","Pinterest","Poco tiempo.","Más de 6.","A veces, intento encontrar un equilibrio, pero no siempre lo logro.","Ver series y / o películas., Escuchar música., Dibujar / pintar., Salir con amigos / familia.","No, las realizo de forma individual","Muy importante.",5,7,"No","No","Frecuencia moderada (de 2 a 3 veces por semana)",7,"Más de 7 horas.","Rock","Electrónica","En su casa o de familiares., En el transporte público, En el lugar de estudio, En otros lugares","Muy importante"
2024-05-09 00:59:59.155,"ninon.lagosbustos@gmail.com","Mariana Pérez","Sí","Mujer cisgénero","21.0",2022,"Rancagua","Clase social media","Educación Media","Educación Media","Particular subvencionado","1 o 2 horas al día","3 o 4 horas al día","Moderada","Congele","Insatisfecho",5,"Bastante","A veces, dependiendo de la situación puedo o no identificar si estoy estresado por la universidad.","Dolores de Cabeza, Tensión o dolor muscular, Dolor en el pecho, Fatiga, Problemas de sueño, Irritabilidad o enojo, Diarrea, Cambios en el apetito, Problemas dermatológicos, Sudoración excesiva, Tics Nerviosos","Organización y planificación del tiempo, Consulta con un profesional de salud mental, Tomar descansos regulares","Escéptico","Agnóstico","No mantengo prácticas relacionadas a lo espiritual o lo religioso.","No, no he asistido","Menos influyente","4 horas o más","Mantenerse en contacto con amigos y familiares, Compartir mi propia vida y experiencias, Consumir contenido de entretenimiento (humor, arte, cultura), Seguir a marcas, celebridades, artistas (músicos/as, actores/actrices, humoristas) o deportistas., Obtener información de noticias y eventos, Seguir a políticos/as o activistas sociales, Seguir a instituciones o personas del mundo académico o científico, Participar en grupos o comunidades de interés (Ej: Grupo de Instagram de fans de Los Bunkers)","A veces","Bloqueando o reportando usuarios problemáticos","TikTok","Instagram","Suficiente tiempo.","1 a 2 veces.","Sí, suelo planificar mi tiempo cuidadosamente para equilibrar mis obligaciones académicas y actividades de ocio.","Leer. y/o Escribir, Ver series y / o películas., Salir con amigos / familia.","No, las realizo de forma individual","Moderadamente importante.",4,6,"No","No","Baja frecuencia (1 vez a la semana)",7,"Entre 1 a 2 horas.","Reggaetón","Pop","En su casa o de familiares., En el transporte público, En el lugar de estudio, En otros lugares","Muy importante"
2024-05-09 10:09:33.737,"gbickell@alumnos.uahurtado.cl","Patricia González","Sí","Mujer cisgénero","23.0",2024,"Santiago Centro","Clase social media - alta","Doctorado","Doctorado","Particular","1 o 2 horas al día","1 o 2 horas al día","Muy pesada",NA,"Satisfecho",4,"Mucho","Si, se identificar cuando estoy estresado debido a la universidad","Dolores de Cabeza, Tensión o dolor muscular, Fatiga, Problemas de sueño, Irritabilidad o enojo, Cambios en el apetito, Problemas dermatológicos","Apoyo social (hablar con amigos/familia), Tomar descansos regulares","No creencias","No tengo una afiliación religiosa, pero si me considero una persona espiritual (por ejemplo, creo en las energías).","No mantengo prácticas relacionadas a lo espiritual o lo religioso.","No, no he asistido","Moderadamente influyente","4 horas o más","Mantenerse en contacto con amigos y familiares, Compartir mi propia vida y experiencias, Consumir contenido de entretenimiento (humor, arte, cultura), Seguir a marcas, celebridades, artistas (músicos/as, actores/actrices, humoristas) o deportistas., Obtener información de noticias y eventos","No","Desconectándome temporalmente","Instagram","WhatsApp","Poco tiempo.","1 a 2 veces.","A veces, intento encontrar un equilibrio, pero no siempre lo logro.","Ver series y / o películas., Practicar deporte / ejercitarse., Salir con amigos / familia.","No, las realizo de forma individual","Muy importante.",1,5,"No","No","Frecuencia moderada (de 2 a 3 veces por semana)",7,"Entre 1 a 2 horas.","Reggaetón","Rock","En su casa o de familiares., En casa de amigos., En el transporte público","Muy importante"
2024-05-09 10:18:12.357,"victoria.pazgonzalezf@gmail.com","amanda báez","Sí","Mujer cisgénero","26.0",2020,"Maipú","Clase social media","Técnico Nivel Superior (Carreras 1 a 3 años)","Técnico Nivel Superior (Carreras 1 a 3 años)","Particular subvencionado","1 o 2 horas al día","3 o 4 horas al día","Ligera","64.0","Muy satisfecho",4,"Moderado","Si, se identificar cuando estoy estresado debido a la universidad","Dolores de Cabeza, Tensión o dolor muscular, Problemas de sueño, Irritabilidad o enojo, Cambios en el apetito","Ejercicio físico, Técnicas de relajación (como de respiración o relajación muscular), Organización y planificación del tiempo, Tomar descansos regulares","No creencias","Ateo","No mantengo prácticas relacionadas a lo espiritual o lo religioso.","No, no he asistido","No influyente en absoluto","4 horas o más","Mantenerse en contacto con amigos y familiares, Compartir mi propia vida y experiencias, Consumir contenido de entretenimiento (humor, arte, cultura), Seguir a marcas, celebridades, artistas (músicos/as, actores/actrices, humoristas) o deportistas., Obtener información de noticias y eventos, Seguir a políticos/as o activistas sociales","Sí","Bloqueando o reportando usuarios problemáticos","Instagram","TikTok","Poco tiempo.","3 a 4 veces.","Sí, suelo planificar mi tiempo cuidadosamente para equilibrar mis obligaciones académicas y actividades de ocio.","Leer. y/o Escribir, Ver series y / o películas., Escuchar música., Dibujar / pintar.","No, las realizo de forma individual","Importante.",5,5,"No","Sí","Frecuencia moderada (de 2 a 3 veces por semana)",7,"Más de 7 horas.","Pop","K-Pop","En su casa o de familiares., En el transporte público, En el lugar de estudio, En otros lugares","Muy importante"
2024-05-09 10:40:13.789,"f.palmaacevedo03@gmail.com","Sofía Ballerino","Sí","Mujer cisgénero","21.0",2022,"Peñaflor","Clase social media - alta","Educación Media","Educación Media","Particular subvencionado","3 o 4 horas al día","5 o 6 horas por días","Moderada","60.0","Satisfecho",5,"Mucho","Si, se identificar cuando estoy estresado debido a la universidad","Dolores de Cabeza, Tensión o dolor muscular, Dolor en el pecho, Fatiga, Problemas de sueño, Irritabilidad o enojo, Diarrea, Cambios en el apetito, Sudoración excesiva, Tics Nerviosos","Ejercicio físico, Técnicas de relajación (como de respiración o relajación muscular), Organización y planificación del tiempo, Apoyo social (hablar con amigos/familia), Consulta con un profesional de salud mental, Tomar descansos regulares","Dudas ocasionales","Catolico","No mantengo prácticas relacionadas a lo espiritual o lo religioso.","No, no he asistido","Moderadamente influyente","Entre 3 a 4 horas","Mantenerse en contacto con amigos y familiares, Consumir contenido de entretenimiento (humor, arte, cultura), Seguir a marcas, celebridades, artistas (músicos/as, actores/actrices, humoristas) o deportistas., Obtener información de noticias y eventos, Seguir a políticos/as o activistas sociales, Seguir a instituciones o personas del mundo académico o científico, Participar en grupos o comunidades de interés (Ej: Grupo de Instagram de fans de Los Bunkers)","No sé","Desconectándome temporalmente","Instagram","WhatsApp","Poco tiempo.","1 a 2 veces.","A veces, intento encontrar un equilibrio, pero no siempre lo logro.","Leer. y/o Escribir, Ver series y / o películas., Escuchar música., Practicar deporte / ejercitarse., Dibujar / pintar., Salir con amigos / familia., Tejer","No, las realizo de forma individual","Muy importante.",8,10,"No","No","Frecuencia moderada (de 2 a 3 veces por semana)",7,"Entre 3 a 4 horas.","Pop","Reggaetón","En su casa o de familiares., En casa de amigos., En el transporte público, En el lugar de estudio, En otros lugares","Importante"
2024-05-09 11:27:27.896,"andreactoloza@gmail.com","Camila Segura","Sí","No binarie","23.0",2020,"La Florida","Clase social media - alta","Profesional (Carreras 4 o más años)","Técnico Nivel Superior (Carreras 1 a 3 años)","Particular subvencionado","3 o 4 horas al día","3 o 4 horas al día","Moderada","5.9","Insatisfecho",5,"Mucho","Si, se identificar cuando estoy estresado debido a la universidad","Dolores de Cabeza, Tensión o dolor muscular, Dolor en el pecho, Fatiga, Irritabilidad o enojo, Cambios en el apetito, Problemas dermatológicos","Organización y planificación del tiempo, Apoyo social (hablar con amigos/familia), Consulta con un profesional de salud mental, Tomar descansos regulares","No creencias","Ateo","No mantengo prácticas relacionadas a lo espiritual o lo religioso.","No, no he asistido","Muy influyente","Entre 3 a 4 horas","Mantenerse en contacto con amigos y familiares, Compartir mi propia vida y experiencias, Consumir contenido de entretenimiento (humor, arte, cultura), Seguir a marcas, celebridades, artistas (músicos/as, actores/actrices, humoristas) o deportistas., Obtener información de noticias y eventos, Seguir a políticos/as o activistas sociales, Seguir a instituciones o personas del mundo académico o científico, Participar en grupos o comunidades de interés (Ej: Grupo de Instagram de fans de Los Bunkers)","A veces","Desconectándome temporalmente","Instagram","TikTok","Poco tiempo.","1 a 2 veces.","A veces, intento encontrar un equilibrio, pero no siempre lo logro.","Ver series y / o películas., Escuchar música., Salir con amigos / familia.","No, las realizo de forma individual","Muy importante.",2,3,"No","No","Frecuencia moderada (de 2 a 3 veces por semana)",6,"Entre 1 a 2 horas.","Indie","Reggaetón","En su casa o de familiares., En casa de amigos., En el transporte público, En el lugar de estudio, En otros lugares","Muy importante"
2024-05-09 11:40:49.415,"katabelenfl@gmail.com","Matilde Céspedes","Sí","Mujer cisgénero","23.0",2019,"Til til","Clase social media","Profesional (Carreras 4 o más años)","Educación Media Técnica Profesional","Particular subvencionado","3 o 4 horas al día","1 o 2 horas al día","Moderada","5.0","Muy insatisfecho",5,"Bastante","A veces, dependiendo de la situación puedo o no identificar si estoy estresado por la universidad.","Dolores de Cabeza, Problemas de sueño, Irritabilidad o enojo, Diarrea, Sudoración excesiva","Técnicas de relajación (como de respiración o relajación muscular), Apoyo social (hablar con amigos/familia), Consulta con un profesional de salud mental","Creencia moderada","Catolico","No mantengo prácticas relacionadas a lo espiritual o lo religioso.","No, no he asistido","Muy influyente","4 horas o más","Consumir contenido de entretenimiento (humor, arte, cultura), Seguir a instituciones o personas del mundo académico o científico, Participar en grupos o comunidades de interés (Ej: Grupo de Instagram de fans de Los Bunkers)","No","Compartiendo mis preocupaciones con amigos o familiares","Instagram","WhatsApp","Suficiente tiempo.","3 a 4 veces.","No, no administro mi tiempo de manera óptima cuando tengo muchas obligaciones académicas.","Jugar videojuegos., Dibujar / pintar., Salir con amigos / familia., Tejer","No, las realizo de forma individual","Muy importante.",5,9,"Si","No","Frecuencia moderada (de 2 a 3 veces por semana)",6,"Entre 1 a 2 horas.","Hip-Hop, Rap, Freestyle","Indie","En el transporte público","Muy importante"
2024-05-09 11:42:48.693,"emiliamanriquez.urrea@gmail.com","Camila Segura","Sí","Mujer cisgénero","19.0",2023,"Buin","Clase social media","Profesional (Carreras 4 o más años)","Magíster o maestría","Particular","3 o 4 horas al día","3 o 4 horas al día","Moderada","congelé","Insatisfecho",3,"Moderado","A veces, dependiendo de la situación puedo o no identificar si estoy estresado por la universidad.","Dolores de Cabeza, Cambios en el apetito, Tics Nerviosos","Tomar descansos regulares","Dudas ocasionales","Ateo","No mantengo prácticas relacionadas a lo espiritual o lo religioso.","No, no he asistido","No influyente en absoluto","Entre 1 a 2 horas","Mantenerse en contacto con amigos y familiares, Compartir mi propia vida y experiencias, Obtener información de noticias y eventos, Seguir a políticos/as o activistas sociales","No","No me estresa","Instagram","WhatsApp","Suficiente tiempo.","3 a 4 veces.","A veces, intento encontrar un equilibrio, pero no siempre lo logro.","Escuchar música., Salir con amigos / familia., Bailar y/o Cantar","No, las realizo de forma individual","Importante.",5,8,"No","No","Frecuencia moderada (de 2 a 3 veces por semana)",6,"Entre 1 a 2 horas.","cumbia ska","Reggaetón","En su casa o de familiares., En casa de amigos., En el transporte público","Poco importante"
2024-05-09 12:08:14.343,"mirko.angel27@gmail.com","Venecia","Sí","No binarie","28.0",2020,"Ñuñoa","Clase social media","Profesional (Carreras 4 o más años)","Profesional (Carreras 4 o más años)","Particular subvencionado","3 o 4 horas al día","1 o 2 horas al día","Moderada","6,0 aprox","Satisfecho",4,"Bastante","Si, se identificar cuando estoy estresado debido a la universidad","Dolores de Cabeza, Tensión o dolor muscular, Problemas de sueño","Organización y planificación del tiempo, Apoyo social (hablar con amigos/familia), Tomar descansos regulares","Creencia moderada","No tengo una afiliación religiosa, pero si me considero una persona espiritual (por ejemplo, creo en las energías).","A diario.","No, no he asistido","Muy influyente","Entre 3 a 4 horas","Mantenerse en contacto con amigos y familiares, Consumir contenido de entretenimiento (humor, arte, cultura), Obtener información de noticias y eventos, Seguir a políticos/as o activistas sociales, Participar en grupos o comunidades de interés (Ej: Grupo de Instagram de fans de Los Bunkers)","No","No me estresa","Instagram","WhatsApp","Bastante tiempo.","3 a 4 veces.","Sí, suelo planificar mi tiempo cuidadosamente para equilibrar mis obligaciones académicas y actividades de ocio.","Leer. y/o Escribir, Ver series y / o películas., Jugar videojuegos., Bailar y/o Cantar","Sí, con un instructor o grupo","Muy importante.",7,2,"No","No","Baja frecuencia (1 vez a la semana)",7,"Más de 7 horas.","Hip-Hop, Rap, Freestyle","Reggaetón","En su casa o de familiares., En el lugar de estudio","Muy importante"
2024-05-09 12:24:10.491,"arancibiam1802@gmail.com","Verónica Moya","Sí","Género fluido","22.0",2020,"Puente Alto","Clase social media - baja","Educación Media","Técnico Nivel Superior (Carreras 1 a 3 años)","Particular subvencionado","1 o 2 horas al día","3 o 4 horas al día","Moderada","6.0","Insatisfecho",5,"Mucho","Si, se identificar cuando estoy estresado debido a la universidad","Dolores de Cabeza, Tensión o dolor muscular, Dolor en el pecho, Fatiga, Problemas de sueño, Irritabilidad o enojo, Diarrea, Cambios en el apetito, Tics Nerviosos","Técnicas de relajación (como de respiración o relajación muscular), Apoyo social (hablar con amigos/familia), Consulta con un profesional de salud mental","Escéptico","Agnóstico","No mantengo prácticas relacionadas a lo espiritual o lo religioso.","No, no he asistido","Menos influyente","4 horas o más","Mantenerse en contacto con amigos y familiares, Compartir mi propia vida y experiencias, Consumir contenido de entretenimiento (humor, arte, cultura), Seguir a marcas, celebridades, artistas (músicos/as, actores/actrices, humoristas) o deportistas., Obtener información de noticias y eventos, Participar en grupos o comunidades de interés (Ej: Grupo de Instagram de fans de Los Bunkers)","A veces","Bloqueando o reportando usuarios problemáticos","Instagram","TikTok","Poco tiempo.","Más de 6.","A veces, intento encontrar un equilibrio, pero no siempre lo logro.","Leer. y/o Escribir, Ver series y / o películas., Jugar videojuegos.","No, las realizo de forma individual","Importante.",6,6,"No","Sí","Baja frecuencia (1 vez a la semana)",7,"Entre 3 a 4 horas.","Pop","Rock","En el transporte público, En el lugar de estudio","Muy importante"
2024-05-09 12:35:54.092,"crist.fr.ak@gmail.com","Venecia Moreno","Sí","No binarie","26.0",2021,"San Joaquín","Clase social media - baja","Técnico Nivel Superior (Carreras 1 a 3 años)","Técnico Nivel Superior (Carreras 1 a 3 años)","Particular subvencionado","3 o 4 horas al día","3 o 4 horas al día","Moderada","5.5","Insatisfecho",3,"Moderado","Si, se identificar cuando estoy estresado debido a la universidad","Problemas de sueño, Irritabilidad o enojo, Tics Nerviosos","Técnicas de relajación (como de respiración o relajación muscular), Apoyo social (hablar con amigos/familia), Participar en otras actividades creativas (música, arte, escritura)","No creencias","Ateo","Varias veces a la semana.","No, no he asistido","Moderadamente influyente","Entre 3 a 4 horas","Mantenerse en contacto con amigos y familiares, Consumir contenido de entretenimiento (humor, arte, cultura), Obtener información de noticias y eventos, Seguir a instituciones o personas del mundo académico o científico","No","Desconectándome temporalmente","Instagram","rateyourmusic.com","Suficiente tiempo.","Más de 6.","A veces, intento encontrar un equilibrio, pero no siempre lo logro.","Leer. y/o Escribir, Escuchar música., Tocar música.","Sí, con un instructor o grupo","Muy importante.",4,1,"Si","No","Alta frecuencia (usualmente todos mis productos)",7,"Entre 3 a 4 horas.","Jazz","Folklore","En su casa o de familiares.","Muy importante"
2024-05-09 13:07:10.389,"emiliaguerrero454@gmail.com","Sofía Ballerino","Sí","Mujer cisgénero","19.0",2024,"Cerro Navia","Clase social media","Educación Media Técnica Profesional","Educación Media Técnica Profesional","Particular subvencionado","3 o 4 horas al día","1 o 2 horas al día","Moderada",NA,"Satisfecho",3,"Moderado","A veces, dependiendo de la situación puedo o no identificar si estoy estresado por la universidad.","Dolores de Cabeza, Tics Nerviosos","Organización y planificación del tiempo, Tomar descansos regulares","Creencia firme","Cristianismo Protestante (Evangélico, anglicano, etcétera)","Al menos una vez a la semana. Cuando siento la necesidad.","No, no he asistido","Menos influyente","4 horas o más","Mantenerse en contacto con amigos y familiares, Compartir mi propia vida y experiencias, Consumir contenido de entretenimiento (humor, arte, cultura), Seguir a marcas, celebridades, artistas (músicos/as, actores/actrices, humoristas) o deportistas.","Sí","Desconectándome temporalmente","Instagram","TikTok","Poco tiempo.","1 a 2 veces.","A veces, intento encontrar un equilibrio, pero no siempre lo logro.","Ver series y / o películas., Jugar videojuegos., Salir con amigos / familia.","No, las realizo de forma individual","Importante.",3,8,"No","No","Frecuencia moderada (de 2 a 3 veces por semana)",7,"Entre 1 a 2 horas.","K-Pop","Reggaetón","En el transporte público","Importante"
2024-05-09 13:28:22.546,"benjaelcrak8@gmail.com","Mariana perez","Sí","Hombre cisgénero","18.0",2024,"Peñalolén","Clase social media","Educación Media","Educación Media","Particular subvencionado","3 o 4 horas al día","1 o 2 horas al día","Moderada","5.8","Satisfecho",3,"Bastante","Si, se identificar cuando estoy estresado debido a la universidad","Dolores de Cabeza, Problemas de sueño, Irritabilidad o enojo, Tics Nerviosos","Ejercicio físico, Tomar descansos regulares","Dudas ocasionales","No tengo una afiliación religiosa, pero si me considero una persona espiritual (por ejemplo, creo en las energías).","No mantengo prácticas relacionadas a lo espiritual o lo religioso.","No, no he asistido","Menos influyente","Entre 1 a 2 horas","Mantenerse en contacto con amigos y familiares, Consumir contenido de entretenimiento (humor, arte, cultura)","No","No me estresa","Instagram","TikTok","Suficiente tiempo.","1 a 2 veces.","A veces, intento encontrar un equilibrio, pero no siempre lo logro.","Jugar videojuegos., Practicar deporte / ejercitarse., Salir con amigos / familia.","No, las realizo de forma individual","Importante.",5,5,"No","No","Frecuencia moderada (de 2 a 3 veces por semana)",7,"Entre 3 a 4 horas.","Reggaetón","Pop","En su casa o de familiares., En el transporte público, En el lugar de estudio, En otros lugares","Importante"
2024-05-09 13:30:02.524,"ignaciafica123@gmail.con","ignacia fica","Sí","Mujer cisgénero","19.0",2024,"Peñalolén","Clase social media","Educación Media","Educación Media Técnica Profesional","Particular subvencionado","1 o 2 horas al día","1 o 2 horas al día","Moderada","no me acuerdo","Satisfecho",3,"Moderado","Si, se identificar cuando estoy estresado debido a la universidad","Dolores de Cabeza, Tensión o dolor muscular, Problemas de sueño, Irritabilidad o enojo, Cambios en el apetito","No utilizo estrategias para manejar el estrés académico","Dudas ocasionales","seria en creer en alguien superior un tipo de energía que se interpreta de diversas formas en la religión pero no es alguien al cual se le pueda poner un nombre","No mantengo prácticas relacionadas a lo espiritual o lo religioso.","No, no he asistido","No influyente en absoluto","4 horas o más","Mantenerse en contacto con amigos y familiares, Compartir mi propia vida y experiencias, Consumir contenido de entretenimiento (humor, arte, cultura), Seguir a marcas, celebridades, artistas (músicos/as, actores/actrices, humoristas) o deportistas., Obtener información de noticias y eventos, Seguir a políticos/as o activistas sociales, tambien aveces me gusta investugar cosas por mi propia cuenta dentro de ello por ejemplp avecees hay informacion academica en estas","Sí","Desconectándome temporalmente","Instagram","TikTok","Bastante tiempo.","Más de 6.","No, no administro mi tiempo de manera óptima cuando tengo muchas obligaciones académicas.","Leer. y/o Escribir, Ver series y / o películas., Escuchar música., Tocar música., Salir con amigos / familia., Bailar y/o Cantar","No, las realizo de forma individual","Importante.",8,6,"No","No","Baja frecuencia (1 vez a la semana)",7,"Entre 3 a 4 horas.","Reggaetón","Hip-Hop, Rap, Freestyle","En su casa o de familiares., En casa de amigos., En el lugar de estudio","Muy importante"
2024-05-09 13:33:16.011,"campusanomartin11@gmail.com","Gabriel concha","Sí","Hombre cisgénero","20.0",2021,"Maipú","Clase social media","Educación Media","Educación Media","Público","3 o 4 horas al día","1 o 2 horas al día","Moderada","5.8","Satisfecho",3,"Moderado","Si, se identificar cuando estoy estresado debido a la universidad","Tensión o dolor muscular, Dolor en el pecho, Fatiga, Problemas de sueño, Irritabilidad o enojo, Problemas dermatológicos, Tics Nerviosos","Organización y planificación del tiempo, Apoyo social (hablar con amigos/familia), Tomar descansos regulares","Dudas ocasionales","Agnóstico","No mantengo prácticas relacionadas a lo espiritual o lo religioso.","No, no he asistido","No influyente en absoluto","Entre 1 a 2 horas","Mantenerse en contacto con amigos y familiares, Compartir mi propia vida y experiencias, Consumir contenido de entretenimiento (humor, arte, cultura), Seguir a instituciones o personas del mundo académico o científico","A veces","Desconectándome temporalmente","Instagram","TikTok","Poco tiempo.","3 a 4 veces.","A veces, intento encontrar un equilibrio, pero no siempre lo logro.","Ver series y / o películas., Jugar videojuegos., Salir con amigos / familia.","Sí, con un instructor o grupo","Importante.",7,8,"Si","Sí","Baja frecuencia (1 vez a la semana)",7,"Entre 3 a 4 horas.","Pop","K-Pop","En su casa o de familiares., En casa de amigos., En el transporte público, En otros lugares","Muy importante"
2024-05-09 13:42:54.632,"sheilafogarty16@gmail.com","Camila Segura","Sí","Mujer cisgénero","22.0",2021,"Santiago Centro","Clase social media - alta","Magíster o maestría","Profesional (Carreras 4 o más años)","Público","3 o 4 horas al día","5 o 6 horas por días","Pesada","6.4","Satisfecho",4,"Mucho","A veces, dependiendo de la situación puedo o no identificar si estoy estresado por la universidad.","Tensión o dolor muscular, Dolor en el pecho, Fatiga, Problemas de sueño, Irritabilidad o enojo, Diarrea, Cambios en el apetito, Problemas dermatológicos, Sudoración excesiva, Tics Nerviosos","Ejercicio físico, Organización y planificación del tiempo, Apoyo social (hablar con amigos/familia), Participar en otras actividades creativas (música, arte, escritura), No utilizo estrategias para manejar el estrés académico","Creencia firme","No tengo una afiliación religiosa, pero si me considero una persona espiritual (por ejemplo, creo en las energías).","A diario.","No, no he asistido","Muy influyente","Entre 1 a 2 horas","Mantenerse en contacto con amigos y familiares, Consumir contenido de entretenimiento (humor, arte, cultura), Obtener información de noticias y eventos, Participar en grupos o comunidades de interés (Ej: Grupo de Instagram de fans de Los Bunkers)","Sí","elimine todas las redes sociales que no encuentro necesario, de a poco eliminare todas","WhatsApp","Facebook","Suficiente tiempo.","3 a 4 veces.","No, no administro mi tiempo de manera óptima cuando tengo muchas obligaciones académicas.","Leer. y/o Escribir, Practicar deporte / ejercitarse., Dibujar / pintar.","Sí, con un instructor o grupo","Muy importante.",8,5,"No","No","Frecuencia moderada (de 2 a 3 veces por semana)",7,"Entre 5 a 6 horas.","Folklore","Pop","En su casa o de familiares., En casa de amigos., En el transporte público, En el lugar de estudio, En otros lugares","Muy importante"
2024-05-09 13:42:56.585,"aron.matias13@gmail.com","Patricia González","Sí","Hombre cisgénero","19.0",2024,"Santiago Centro","Clase social media","Profesional (Carreras 4 o más años)","Educación Media Técnica Profesional","Público","3 o 4 horas al día","3 o 4 horas al día","Moderada","45.0","Insatisfecho",3,"Moderado","No, no se identificar cuando estoy estresado debido a la universidad","No he experimentado síntomas físicos","Técnicas de relajación (como de respiración o relajación muscular), Apoyo social (hablar con amigos/familia), Tomar descansos regulares","Escéptico","Ateo","No mantengo prácticas relacionadas a lo espiritual o lo religioso.","No, no he asistido","No influyente en absoluto","Entre 3 a 4 horas","Mantenerse en contacto con amigos y familiares, Consumir contenido de entretenimiento (humor, arte, cultura), Seguir a instituciones o personas del mundo académico o científico","No","No me estresa","Instagram","WhatsApp","Poco tiempo.","1 a 2 veces.","No, no administro mi tiempo de manera óptima cuando tengo muchas obligaciones académicas.","Leer. y/o Escribir, Ver series y / o películas., Jugar videojuegos., Escuchar música., Dibujar / pintar.","Sí, con un instructor o grupo","Moderadamente importante.",8,7,"No","No","Frecuencia moderada (de 2 a 3 veces por semana)",7,"Entre 5 a 6 horas.","Rock","Hip-Hop, Rap, Freestyle","En su casa o de familiares., En el transporte público, En otros lugares","Importante"
2024-05-09 13:43:54.855,"javier.diazrodriguez2002jdr@gmail.com","Florencia Martin","Sí","Ninguno","21.0",2022,"Las Condes","Clase social media - alta","Profesional (Carreras 4 o más años)","Técnico Nivel Superior (Carreras 1 a 3 años)","Particular","3 o 4 horas al día","3 o 4 horas al día","Moderada","5.0","Insatisfecho",3,"Mucho","Si, se identificar cuando estoy estresado debido a la universidad","Dolores de Cabeza, Tensión o dolor muscular, Problemas de sueño, Irritabilidad o enojo, Problemas dermatológicos","Ejercicio físico, Organización y planificación del tiempo, Tomar descansos regulares, Participar en otras actividades creativas (música, arte, escritura)","Escéptico","No tengo una afiliación religiosa, pero si me considero una persona espiritual (por ejemplo, creo en las energías).","No mantengo prácticas relacionadas a lo espiritual o lo religioso.","No, no he asistido","Menos influyente","Entre 3 a 4 horas","Mantenerse en contacto con amigos y familiares, Compartir mi propia vida y experiencias, Consumir contenido de entretenimiento (humor, arte, cultura), Seguir a marcas, celebridades, artistas (músicos/as, actores/actrices, humoristas) o deportistas., Obtener información de noticias y eventos, Seguir a políticos/as o activistas sociales, Seguir a instituciones o personas del mundo académico o científico, Trabajo","Sí","Desconectándome temporalmente","Instagram","TikTok","Poco tiempo.","3 a 4 veces.","A veces, intento encontrar un equilibrio, pero no siempre lo logro.","Ver series y / o películas., Tocar música., Bailar y/o Cantar","Sí, con un instructor o grupo","Muy poco importante.",8,10,"Si","Sí","Alta frecuencia (usualmente todos mis productos)",7,"Entre 3 a 4 horas.","Pop","Reggaetón","En su casa o de familiares., En casa de amigos., En el transporte público, En otros lugares","Muy importante"
2024-05-09 13:47:54.576,"vanessasmith1408@gmail.com","Martin Campusano","Sí","Mujer cisgénero","22.0",2021,"Conchalí","Clase social media - baja","Educación Media","Educación Media","Público","3 o 4 horas al día","1 o 2 horas al día","Moderada","5.9","Satisfecho",5,"Mucho","A veces, dependiendo de la situación puedo o no identificar si estoy estresado por la universidad.","Dolores de Cabeza, Tensión o dolor muscular, Dolor en el pecho, Irritabilidad o enojo, Problemas dermatológicos","Ejercicio físico, Técnicas de relajación (como de respiración o relajación muscular)","Creencia moderada","No tengo una afiliación religiosa, pero si me considero una persona espiritual (por ejemplo, creo en las energías).","No mantengo prácticas relacionadas a lo espiritual o lo religioso.","No, no he asistido","Moderadamente influyente","4 horas o más","Mantenerse en contacto con amigos y familiares, Compartir mi propia vida y experiencias, Consumir contenido de entretenimiento (humor, arte, cultura), Obtener información de noticias y eventos","Sí","Desconectándome temporalmente","Instagram","WhatsApp","No tengo tiempo.","3 a 4 veces.","No, no administro mi tiempo de manera óptima cuando tengo muchas obligaciones académicas.","Leer. y/o Escribir, Practicar deporte / ejercitarse., Salir con amigos / familia.","No, las realizo de forma individual","Muy importante.",3,5,"No","No","Baja frecuencia (1 vez a la semana)",7,"Entre 1 a 2 horas.","Metal","Folklore","En el transporte público","Muy importante"
2024-05-09 13:48:56.489,"jamadues@gmail.com","javiera herrera","Sí","Mujer cisgénero","21.0",2023,"Lampa","Clase social media","Educación Media","Técnico Nivel Superior (Carreras 1 a 3 años)","Particular subvencionado","3 o 4 horas al día","3 o 4 horas al día","Pesada","estimo que entre un 55-60 pero no tengo certeza","Satisfecho",3,"Mucho","A veces, dependiendo de la situación puedo o no identificar si estoy estresado por la universidad.","Dolores de Cabeza, Tensión o dolor muscular, Fatiga, Cambios en el apetito, Tics Nerviosos","No utilizo estrategias para manejar el estrés académico","Escéptico","Agnóstico","No mantengo prácticas relacionadas a lo espiritual o lo religioso.","No, no he asistido","No influyente en absoluto","Entre 3 a 4 horas","Mantenerse en contacto con amigos y familiares, Compartir mi propia vida y experiencias, Obtener información de noticias y eventos, no pude marcarla pero tb consumir contenido de entretenimiento","Sí","Bloqueando o reportando usuarios problemáticos","Instagram","Facebook","Poco tiempo.","1 a 2 veces.","A veces, intento encontrar un equilibrio, pero no siempre lo logro.","Leer. y/o Escribir, Salir con amigos / familia.","No, las realizo de forma individual","Muy importante.",6,6,"No","No","Baja frecuencia (1 vez a la semana)",7,"Entre 3 a 4 horas.","Trap","Rock","En el transporte público","Muy importante"
2024-05-09 13:52:36.014,"diegogalazxdxd@gmail.com","Consuelo Llantén","Sí","Hombre cisgénero","19 años",2023,"Santiago Centro","Clase social media","Educación Media","Educación Media","Público","3 o 4 horas al día","1 o 2 horas al día","Moderada",NA,"Insatisfecho",3,"Moderado","Si, se identificar cuando estoy estresado debido a la universidad","Fatiga, Problemas de sueño","Tomar descansos regulares, Participar en otras actividades creativas (música, arte, escritura)","No creencias","Ateo","No mantengo prácticas relacionadas a lo espiritual o lo religioso.","No, no he asistido","No influyente en absoluto","Entre 3 a 4 horas","Mantenerse en contacto con amigos y familiares, Consumir contenido de entretenimiento (humor, arte, cultura), Seguir a instituciones o personas del mundo académico o científico, Participar en grupos o comunidades de interés (Ej: Grupo de Instagram de fans de Los Bunkers)","No","No me estresa","TikTok","Facebook","Poco tiempo.","1 a 2 veces.","A veces, intento encontrar un equilibrio, pero no siempre lo logro.","Ver series y / o películas., Jugar videojuegos., Escuchar música.","No, las realizo de forma individual","Moderadamente importante.",5,5,"No","No","Frecuencia moderada (de 2 a 3 veces por semana)",4,"Entre 3 a 4 horas.","Trap","Reggaetón","En su casa o de familiares., En el lugar de estudio","Importante"
2024-05-09 13:56:01.093,"camila.crisostomo.sta@gmail.com","Javiera Herrera","Sí","Mujer cisgénero","20.0",2022,"Lampa","Clase social media - baja","Educación Media","Educación Media","Público","3 o 4 horas al día","1 o 2 horas al día","Pesada","64.0","Satisfecho",3,"Bastante","A veces, dependiendo de la situación puedo o no identificar si estoy estresado por la universidad.","Dolores de Cabeza, Tensión o dolor muscular, Dolor en el pecho, Problemas de sueño, Irritabilidad o enojo, Cambios en el apetito","Ejercicio físico, Técnicas de relajación (como de respiración o relajación muscular), Organización y planificación del tiempo","Escéptico","No tengo una afiliación religiosa, pero si me considero una persona espiritual (por ejemplo, creo en las energías).","Al menos una vez a la semana. Cuando siento la necesidad.","No, no he asistido","Muy influyente","Entre 1 a 2 horas","Mantenerse en contacto con amigos y familiares","No","Desconectándome temporalmente","WhatsApp","Instagram","Poco tiempo.","3 a 4 veces.","A veces, intento encontrar un equilibrio, pero no siempre lo logro.","Escuchar música., Practicar deporte / ejercitarse.","No, las realizo de forma individual","Muy importante.",4,8,"No","No","Frecuencia moderada (de 2 a 3 veces por semana)",7,"Entre 3 a 4 horas.","Electrónica","Rock","En su casa o de familiares., En el transporte público, En el lugar de estudio","Muy importante"
2024-05-09 14:10:39.705,"jose.ro741@gmail.com","Gabriel Concha","Sí","Hombre cisgénero","22.0",2020,"Las Condes","Clase social media - alta","Técnico Nivel Superior (Carreras 1 a 3 años)","Educación Media","Particular","3 o 4 horas al día","5 o 6 horas por días","Ligera","6.4","Satisfecho",4,"Moderado","Si, se identificar cuando estoy estresado debido a la universidad","Dolores de Cabeza, Problemas de sueño, Irritabilidad o enojo","Ejercicio físico, Organización y planificación del tiempo, Apoyo social (hablar con amigos/familia), Consulta con un profesional de salud mental","Escéptico","Agnóstico","No mantengo prácticas relacionadas a lo espiritual o lo religioso.","No, no he asistido","No influyente en absoluto","Entre 3 a 4 horas","Mantenerse en contacto con amigos y familiares, Compartir mi propia vida y experiencias, Consumir contenido de entretenimiento (humor, arte, cultura), Obtener información de noticias y eventos, Seguir a políticos/as o activistas sociales, Seguir a instituciones o personas del mundo académico o científico","No","No me estresa","Instagram","WhatsApp","Suficiente tiempo.","1 a 2 veces.","Sí, suelo planificar mi tiempo cuidadosamente para equilibrar mis obligaciones académicas y actividades de ocio.","Jugar videojuegos., Escuchar música., Practicar deporte / ejercitarse.","No, las realizo de forma individual","Importante.",6,7,"Si","No","Frecuencia moderada (de 2 a 3 veces por semana)",7,"Entre 5 a 6 horas.","Hip-Hop, Rap, Freestyle","Rock","En su casa o de familiares., En casa de amigos., En el transporte público, En el lugar de estudio","Muy importante"
2024-05-09 14:31:30.157,"antoniadelosangeles696@gmail.com","Amanda Báez","Sí","Mujer cisgénero","20.0",2022,"Santiago Centro","Clase social media - baja","Educación Media","Técnico Nivel Superior (Carreras 1 a 3 años)","Público","1 o 2 horas al día","1 o 2 horas al día","Muy pesada","5.5","Insatisfecho",5,"Mucho","A veces, dependiendo de la situación puedo o no identificar si estoy estresado por la universidad.","Dolores de Cabeza, Tensión o dolor muscular, Dolor en el pecho, Fatiga, Problemas de sueño, Irritabilidad o enojo, Cambios en el apetito, Problemas dermatológicos","Organización y planificación del tiempo, Tomar descansos regulares","Creencia firme","No tengo una afiliación religiosa, pero si me considero una persona espiritual (por ejemplo, creo en las energías).","Varias veces a la semana.","No, no he asistido","Menos influyente","Entre 3 a 4 horas","Mantenerse en contacto con amigos y familiares, Consumir contenido de entretenimiento (humor, arte, cultura), Obtener información de noticias y eventos, Seguir a instituciones o personas del mundo académico o científico","No","Desconectándome temporalmente","TikTok","Instagram","No tengo tiempo.","1 a 2 veces.","No, no administro mi tiempo de manera óptima cuando tengo muchas obligaciones académicas.","Ver series y / o películas., Escuchar música., Salir con amigos / familia.","No, las realizo de forma individual","Moderadamente importante.",3,7,"No","No","Baja frecuencia (1 vez a la semana)",7,"Entre 3 a 4 horas.","Reggaetón","Cumbia","En el transporte público, En otros lugares","Muy importante"
2024-05-09 14:46:31.824,"Caminavarro0812@gmail.com","Isidora Aros","Sí","Mujer cisgénero","20.0",2023,"Calera de Tango","Clase social media - baja","educacion basica hasta sexto","Técnico Nivel Superior (Carreras 1 a 3 años)","Particular subvencionado","3 o 4 horas al día","1 o 2 horas al día","Pesada","5.4","Insatisfecho",4,"Mucho","Si, se identificar cuando estoy estresado debido a la universidad","Dolores de Cabeza, Tensión o dolor muscular, Dolor en el pecho, Irritabilidad o enojo, Cambios en el apetito, Problemas dermatológicos","Apoyo social (hablar con amigos/familia), Consulta con un profesional de salud mental, Tomar descansos regulares, Participar en otras actividades creativas (música, arte, escritura)","Dudas ocasionales","Agnóstico","Al menos una vez a la semana. Cuando siento la necesidad.","No, no he asistido","Menos influyente","4 horas o más","Mantenerse en contacto con amigos y familiares, Compartir mi propia vida y experiencias, Consumir contenido de entretenimiento (humor, arte, cultura), Seguir a marcas, celebridades, artistas (músicos/as, actores/actrices, humoristas) o deportistas., Obtener información de noticias y eventos","A veces","Desconectándome temporalmente","Instagram","TikTok","No tengo tiempo.","1 a 2 veces.","A veces, intento encontrar un equilibrio, pero no siempre lo logro.","Leer. y/o Escribir, Ver series y / o películas., Escuchar música.","No, las realizo de forma individual","Importante.",6,7,"No","Sí","Frecuencia moderada (de 2 a 3 veces por semana)",7,"Entre 5 a 6 horas.","Reggaetón","Pop","En su casa o de familiares., En casa de amigos., En el transporte público, En el lugar de estudio, En otros lugares","Importante"
2024-05-09 14:55:40.415,"catalinaegana.4@gmail.com","Camila Crisostomo","Sí","Mujer cisgénero","23.0",2019,"Peñalolén","Clase social media - baja","Educación Media Técnica Profesional","Educación Media","Público","3 o 4 horas al día","3 o 4 horas al día","Ligera","58.0","Satisfecho",3,"Mucho","A veces, dependiendo de la situación puedo o no identificar si estoy estresado por la universidad.","Dolores de Cabeza, Tensión o dolor muscular, Dolor en el pecho, Fatiga, Problemas de sueño, Irritabilidad o enojo, Diarrea, Cambios en el apetito","Técnicas de relajación (como de respiración o relajación muscular), Organización y planificación del tiempo, Apoyo social (hablar con amigos/familia)","Escéptico","Agnóstico","No mantengo prácticas relacionadas a lo espiritual o lo religioso.","No, no he asistido","No influyente en absoluto","Entre 1 a 2 horas","Mantenerse en contacto con amigos y familiares, Consumir contenido de entretenimiento (humor, arte, cultura), Obtener información de noticias y eventos, Seguir a políticos/as o activistas sociales, Seguir a instituciones o personas del mundo académico o científico, Participar en grupos o comunidades de interés (Ej: Grupo de Instagram de fans de Los Bunkers)","No","Desconectándome temporalmente","Instagram","Facebook","Poco tiempo.","1 a 2 veces.","A veces, intento encontrar un equilibrio, pero no siempre lo logro.","Ver series y / o películas., Escuchar música., Dibujar / pintar.","No, las realizo de forma individual","Moderadamente importante.",5,6,"Si","No","Baja frecuencia (1 vez a la semana)",7,"Entre 3 a 4 horas.","Trap","Boleros","En su casa o de familiares.","Muy importante"
2024-05-09 14:59:47.173,"angelo.dcampo@gmail.com","Isidora Aros","Sí","Género fluido","23.0",2020,"San Bernardo","Clase social media - baja","Educación Media","Educación Media","Particular subvencionado","3 o 4 horas al día","1 o 2 horas al día","Pesada","5.2","Insatisfecho",5,"Mucho","A veces, dependiendo de la situación puedo o no identificar si estoy estresado por la universidad.","Dolores de Cabeza, Tensión o dolor muscular, Fatiga, Problemas de sueño, Irritabilidad o enojo, Cambios en el apetito, Sudoración excesiva, Tics Nerviosos","Ejercicio físico, Apoyo social (hablar con amigos/familia), Tomar descansos regulares, Participar en otras actividades creativas (música, arte, escritura)","No creencias","Ateo","No mantengo prácticas relacionadas a lo espiritual o lo religioso.","No, no he asistido","No influyente en absoluto","Entre 3 a 4 horas","Mantenerse en contacto con amigos y familiares, Consumir contenido de entretenimiento (humor, arte, cultura), Seguir a marcas, celebridades, artistas (músicos/as, actores/actrices, humoristas) o deportistas., Obtener información de noticias y eventos, Seguir a políticos/as o activistas sociales, Seguir a instituciones o personas del mundo académico o científico","No","Desconectándome temporalmente","Instagram","WhatsApp","Poco tiempo.","3 a 4 veces.","No, no administro mi tiempo de manera óptima cuando tengo muchas obligaciones académicas.","Leer. y/o Escribir, Ver series y / o películas., Jugar videojuegos., Escuchar música., Practicar deporte / ejercitarse., Salir con amigos / familia.","No, las realizo de forma individual","Muy importante.",9,8,"No","Sí","Alta frecuencia (usualmente todos mis productos)",7,"Entre 3 a 4 horas.","Rock","K-Pop","En su casa o de familiares., En casa de amigos., En el transporte público, En el lugar de estudio","Importante"
2024-05-09 15:00:20.809,"amandacbcorrea@gmail.com","Camila Crisostomo","Sí","Mujer cisgénero","21.0",2022,"Puente Alto","Clase social media","Profesional (Carreras 4 o más años)","Educación Media Técnica Profesional","Particular subvencionado","1 o 2 horas al día","1 o 2 horas al día","Moderada","5,0 aprox","Satisfecho",5,"Mucho","Si, se identificar cuando estoy estresado debido a la universidad","Dolores de Cabeza, Tensión o dolor muscular, Dolor en el pecho, Irritabilidad o enojo, Tics Nerviosos","No utilizo estrategias para manejar el estrés académico","Dudas ocasionales","No tengo una afiliación religiosa, pero si me considero una persona espiritual (por ejemplo, creo en las energías).","Al menos una vez a la semana. Cuando siento la necesidad.","No, no he asistido","Menos influyente","Entre 3 a 4 horas","Mantenerse en contacto con amigos y familiares, Consumir contenido de entretenimiento (humor, arte, cultura)","A veces","Bloqueando o reportando usuarios problemáticos","Instagram","TikTok","Poco tiempo.","1 a 2 veces.","No, no administro mi tiempo de manera óptima cuando tengo muchas obligaciones académicas.","Ver series y / o películas., Escuchar música., Salir con amigos / familia.","No, las realizo de forma individual","Importante.",7,10,"Si","No","Frecuencia moderada (de 2 a 3 veces por semana)",7,"Entre 3 a 4 horas.","Pop","Reggaetón","En el transporte público","Muy importante"
2024-05-09 15:38:12.554,"sinsuelott@gmail.com","Antonia Ramirez","Sí","No binarie","21.0",2022,"San Joaquín","Clase social media - baja","Técnico Nivel Superior (Carreras 1 a 3 años)","Profesional (Carreras 4 o más años)","Particular subvencionado","5 o 6 horas por días","3 o 4 horas al día","Muy pesada","5.6","Satisfecho",4,"Mucho","Si, se identificar cuando estoy estresado debido a la universidad","Dolores de Cabeza, Tensión o dolor muscular, Dolor en el pecho, Fatiga, Problemas de sueño, Irritabilidad o enojo, Diarrea, Cambios en el apetito, Problemas dermatológicos, Sudoración excesiva, Tics Nerviosos","Ejercicio físico, Técnicas de relajación (como de respiración o relajación muscular), Organización y planificación del tiempo, Apoyo social (hablar con amigos/familia), Consulta con un profesional de salud mental, Participar en otras actividades creativas (música, arte, escritura)","Dudas ocasionales","No tengo una afiliación religiosa, pero si me considero una persona espiritual (por ejemplo, creo en las energías).","Al menos una vez a la semana. Cuando siento la necesidad.","No, no he asistido","No influyente en absoluto","Entre 3 a 4 horas","Mantenerse en contacto con amigos y familiares, Compartir mi propia vida y experiencias, Consumir contenido de entretenimiento (humor, arte, cultura), Obtener información de noticias y eventos, Seguir a políticos/as o activistas sociales","A veces","Desconectándome temporalmente","Instagram","WhatsApp","Poco tiempo.","1 a 2 veces.","A veces, intento encontrar un equilibrio, pero no siempre lo logro.","Tocar música., Salir con amigos / familia.","Sí, con un instructor o grupo","Muy importante.",3,9,"Si","Sí","Baja frecuencia (1 vez a la semana)",7,"Entre 5 a 6 horas.","skapunk","Folklore","En su casa o de familiares., En casa de amigos., En el transporte público, En el lugar de estudio, En otros lugares","Muy importante"
2024-05-09 15:39:01.263,"emiliafis.estrada@gmail.com","Alejandra Mondaca","Sí","Mujer cisgénero","21.0",2022,"Santiago Centro","Clase social media - baja","Doctorado","Magíster o maestría","Particular","1 o 2 horas al día","3 o 4 horas al día","Muy pesada","53.0","Muy insatisfecho",5,"Mucho","Si, se identificar cuando estoy estresado debido a la universidad","Dolores de Cabeza, Tensión o dolor muscular, Dolor en el pecho, Problemas de sueño, Irritabilidad o enojo, Diarrea, Problemas dermatológicos, Sudoración excesiva, Tics Nerviosos","Ejercicio físico, Técnicas de relajación (como de respiración o relajación muscular), Apoyo social (hablar con amigos/familia), Tomar descansos regulares, Participar en otras actividades creativas (música, arte, escritura)","Creencia firme","Yoruba","Varias veces a la semana.","No, no he asistido","Muy influyente","4 horas o más","Consumir contenido de entretenimiento (humor, arte, cultura)","A veces","Desconectándome temporalmente","TikTok","Instagram","Poco tiempo.","3 a 4 veces.","No, no administro mi tiempo de manera óptima cuando tengo muchas obligaciones académicas.","Leer. y/o Escribir, Escuchar música., Bailar y/o Cantar","Sí, con un instructor o grupo","Muy importante.",3,6,"Si","No","Baja frecuencia (1 vez a la semana)",7,"Entre 3 a 4 horas.","Jazz","Hip-Hop, Rap, Freestyle","En su casa o de familiares., En el transporte público, En el lugar de estudio","Muy importante"
2024-05-09 15:40:22.059,"maicollanass@gmail.com","Martin cifuentes","Sí","Hombre cisgénero","19.0",2024,"La Florida","Clase social media - baja","Educación Media","Educación Media","Particular subvencionado","1 o 2 horas al día","1 o 2 horas al día","Moderada",NA,"Insatisfecho",4,"Bastante","A veces, dependiendo de la situación puedo o no identificar si estoy estresado por la universidad.","Dolores de Cabeza, Tensión o dolor muscular, Fatiga, Problemas de sueño, Irritabilidad o enojo, Cambios en el apetito, Tics Nerviosos","Ejercicio físico, Tomar descansos regulares","Creencia moderada","Catolico","No mantengo prácticas relacionadas a lo espiritual o lo religioso.","No, no he asistido","Menos influyente","Menos de 1 hora","Mantenerse en contacto con amigos y familiares, Consumir contenido de entretenimiento (humor, arte, cultura), Seguir a marcas, celebridades, artistas (músicos/as, actores/actrices, humoristas) o deportistas., Obtener información de noticias y eventos","No","Desconectándome temporalmente","Instagram","TikTok","Poco tiempo.","1 a 2 veces.","A veces, intento encontrar un equilibrio, pero no siempre lo logro.","Jugar videojuegos., Escuchar música., Practicar deporte / ejercitarse.","No, las realizo de forma individual","Importante.",1,1,"No","No","Baja frecuencia (1 vez a la semana)",7,"Más de 7 horas.","Reggaetón","Trap","En su casa o de familiares., En casa de amigos., En el transporte público, En el lugar de estudio, En otros lugares","Muy importante"
2024-05-09 15:42:32.707,"tomassarasibar65@gmail.com","Verónica paz moya rosas","Sí","Hombre cisgénero","21.0",2024,"Quinta normal","Clase social media","Educación Media","Profesional (Carreras 4 o más años)","Particular subvencionado","5 o 6 horas por días","5 o 6 horas por días","Moderada","Estoy en primer semestre","Satisfecho",4,"Bastante","A veces, dependiendo de la situación puedo o no identificar si estoy estresado por la universidad.","Dolores de Cabeza, Tensión o dolor muscular, Dolor en el pecho, Fatiga, Problemas de sueño, Irritabilidad o enojo, Tics Nerviosos","Ejercicio físico, Organización y planificación del tiempo, Apoyo social (hablar con amigos/familia), Tomar descansos regulares, Participar en otras actividades creativas (música, arte, escritura)","Creencia moderada","No tengo una afiliación religiosa, pero si me considero una persona espiritual (por ejemplo, creo en las energías).","Al menos una vez a la semana. Cuando siento la necesidad.","No, no he asistido","Moderadamente influyente","Entre 1 a 2 horas","Mantenerse en contacto con amigos y familiares, Consumir contenido de entretenimiento (humor, arte, cultura)","No","Desconectándome temporalmente","Instagram","TikTok","Poco tiempo.","1 a 2 veces.","No, no administro mi tiempo de manera óptima cuando tengo muchas obligaciones académicas.","Leer. y/o Escribir, Ver series y / o películas., Dibujar / pintar.","No, las realizo de forma individual","Moderadamente importante.",4,7,"No","No","Baja frecuencia (1 vez a la semana)",7,"Más de 7 horas.","Rock","Metal","En su casa o de familiares., En casa de amigos., En el transporte público, En el lugar de estudio, En otros lugares","Muy importante"
2024-05-09 15:44:54.078,"mesotoas@alumnos.uahurtado.cl","Joaquin Orellana","Sí","Género fluido","21.0",2024,"Santiago Centro","Clase social media - baja","Educación Media Técnica Profesional","Educación Media Técnica Profesional","Particular subvencionado","3 o 4 horas al día","3 o 4 horas al día","Pesada","estoy en primer año","Satisfecho",4,"Bastante","Si, se identificar cuando estoy estresado debido a la universidad","Dolores de Cabeza, Tensión o dolor muscular, Dolor en el pecho, Problemas de sueño, Irritabilidad o enojo, Cambios en el apetito, Tics Nerviosos","Organización y planificación del tiempo, Apoyo social (hablar con amigos/familia), Tomar descansos regulares","No creencias","No tengo una afiliación religiosa, pero si me considero una persona espiritual (por ejemplo, creo en las energías).","No mantengo prácticas relacionadas a lo espiritual o lo religioso.","No, no he asistido","Menos influyente","4 horas o más","Mantenerse en contacto con amigos y familiares, Consumir contenido de entretenimiento (humor, arte, cultura), Seguir a marcas, celebridades, artistas (músicos/as, actores/actrices, humoristas) o deportistas., Obtener información de noticias y eventos","No sé","Desconectándome temporalmente","Instagram","Tumblr","Poco tiempo.","1 a 2 veces.","A veces, intento encontrar un equilibrio, pero no siempre lo logro.","Ver series y / o películas., Escuchar música., Salir con amigos / familia.","No, las realizo de forma individual","Muy importante.",6,2,"No","No","Alta frecuencia (usualmente todos mis productos)",7,"Entre 5 a 6 horas.","shoegaze","Dreampop y derivados del metalcore","En su casa o de familiares., En casa de amigos., En el transporte público, En el lugar de estudio, En otros lugares","Muy importante"
2024-05-09 15:48:09.198,"contarinimanuel@gmail.com","Alejandra Mondaca","Sí","Hombre cisgénero","18.0",2024,"Macul","Clase social media - baja","Educación Media Técnica Profesional","Educación Media","Particular subvencionado","3 o 4 horas al día","1 o 2 horas al día","Pesada","5.5","Satisfecho",4,"Moderado","Si, se identificar cuando estoy estresado debido a la universidad","Dolores de Cabeza, Tensión o dolor muscular, Fatiga","Tomar descansos regulares, Participar en otras actividades creativas (música, arte, escritura)","No creencias","Ateo","No mantengo prácticas relacionadas a lo espiritual o lo religioso.","No, no he asistido","No influyente en absoluto","Entre 3 a 4 horas","Mantenerse en contacto con amigos y familiares, Consumir contenido de entretenimiento (humor, arte, cultura), Seguir a políticos/as o activistas sociales","No","No me estresa","Instagram","Twitter/X","Poco tiempo.","1 a 2 veces.","No, no administro mi tiempo de manera óptima cuando tengo muchas obligaciones académicas.","Ver series y / o películas., Jugar videojuegos., Escuchar música., Tocar música.","No, las realizo de forma individual","Importante.",6,1,"No","No","Alta frecuencia (usualmente todos mis productos)",7,"Entre 5 a 6 horas.","Rock","Jazz","En su casa o de familiares., En el transporte público, En el lugar de estudio","Muy importante"
2024-05-09 16:00:55.067,"Josefina.ahuile@gmail.com","Josefina Ahuile Muñoz","Sí","Género fluido","24.0",2019,"Ñuñoa","Clase social media","Profesional (Carreras 4 o más años)","Magíster o maestría","Público","1 o 2 horas al día","3 o 4 horas al día","Ligera","5.7","Satisfecho",5,"Bastante","Si, se identificar cuando estoy estresado debido a la universidad","Dolores de Cabeza, Tensión o dolor muscular, Problemas de sueño, Irritabilidad o enojo, Diarrea, Cambios en el apetito","Organización y planificación del tiempo, Apoyo social (hablar con amigos/familia), Consulta con un profesional de salud mental, Tomar descansos regulares","No creencias","Ateo","No mantengo prácticas relacionadas a lo espiritual o lo religioso.","No, no he asistido","No influyente en absoluto","4 horas o más","Mantenerse en contacto con amigos y familiares, Compartir mi propia vida y experiencias, Consumir contenido de entretenimiento (humor, arte, cultura), Seguir a marcas, celebridades, artistas (músicos/as, actores/actrices, humoristas) o deportistas., Obtener información de noticias y eventos","A veces","No me estresa","Instagram","TikTok","Poco tiempo.","1 a 2 veces.","A veces, intento encontrar un equilibrio, pero no siempre lo logro.","Ver series y / o películas., Salir con amigos / familia., Dormir","No, las realizo de forma individual","Muy importante.",6,1,"No","Sí","Frecuencia moderada (de 2 a 3 veces por semana)",7,"Entre 3 a 4 horas.","K-Pop","Reggaetón","En su casa o de familiares., En el transporte público, En el lugar de estudio","Muy importante"
2024-05-09 16:07:26.736,"snow.constnz@gmail.com","Catalina","Sí","Mujer cisgénero","20.0",2023,"Renca","Clase social baja","Educación básica","Educación Media Técnica Profesional","Particular subvencionado","3 o 4 horas al día","1 o 2 horas al día","Muy pesada","6.0","Muy insatisfecho",5,"Mucho","Si, se identificar cuando estoy estresado debido a la universidad","Dolores de Cabeza, Tensión o dolor muscular, Dolor en el pecho, Fatiga, Problemas de sueño, Irritabilidad o enojo, Cambios en el apetito, Problemas dermatológicos, Sudoración excesiva, Tics Nerviosos","Técnicas de relajación (como de respiración o relajación muscular), Apoyo social (hablar con amigos/familia), Tomar descansos regulares, Participar en otras actividades creativas (música, arte, escritura)","No creencias","Agnóstico","No mantengo prácticas relacionadas a lo espiritual o lo religioso.","No, no he asistido","No influyente en absoluto","Entre 1 a 2 horas","Mantenerse en contacto con amigos y familiares, Consumir contenido de entretenimiento (humor, arte, cultura), Obtener información de noticias y eventos","No","Desconectándome temporalmente","TikTok","WhatsApp","Poco tiempo.","3 a 4 veces.","A veces, intento encontrar un equilibrio, pero no siempre lo logro.","Ver series y / o películas., Jugar videojuegos., Salir con amigos / familia.","No, las realizo de forma individual","Moderadamente importante.",7,1,"No","No","Baja frecuencia (1 vez a la semana)",7,"Entre 3 a 4 horas.","Rock","Reggaetón","En su casa o de familiares., En casa de amigos., En el transporte público, En el lugar de estudio, En otros lugares","Muy importante"
2024-05-09 16:14:42.871,"renatafuentes8@gmail.com","Martín Campusano","Sí","No binarie","24.0",2020,"Ñuñoa","Clase social media - alta","Profesional (Carreras 4 o más años)","Técnico Nivel Superior (Carreras 1 a 3 años)","Particular","Más de 7 horas por día","5 o 6 horas por días","Pesada","6.0","Muy satisfecho",4,"Bastante","Si, se identificar cuando estoy estresado debido a la universidad","Dolores de Cabeza, Tensión o dolor muscular, Fatiga, Problemas de sueño, Irritabilidad o enojo","Organización y planificación del tiempo, Apoyo social (hablar con amigos/familia), Tomar descansos regulares, Participar en otras actividades creativas (música, arte, escritura)","No creencias","Agnóstico","No mantengo prácticas relacionadas a lo espiritual o lo religioso.","No, no he asistido","No influyente en absoluto","Entre 3 a 4 horas","Mantenerse en contacto con amigos y familiares, Consumir contenido de entretenimiento (humor, arte, cultura), Seguir a instituciones o personas del mundo académico o científico","A veces","Desconectándome temporalmente","Instagram","WhatsApp","Poco tiempo.","3 a 4 veces.","A veces, intento encontrar un equilibrio, pero no siempre lo logro.","Leer. y/o Escribir, Ver series y / o películas., Bailar y/o Cantar","Sí, con un instructor o grupo","Importante.",6,8,"No","No","Frecuencia moderada (de 2 a 3 veces por semana)",6,"Entre 1 a 2 horas.","Trap","K-Pop","En su casa o de familiares., En el transporte público","Muy importante"
2024-05-09 16:47:55.825,"catatolvett@gmail.com","Javiera Herrera","Sí","No binarie","23.0",2020,"Maipú","Clase social media - baja","Educación Media Técnica Profesional","Educación Media Técnica Profesional","Particular subvencionado","3 o 4 horas al día","1 o 2 horas al día","Ligera","62.0","Satisfecho",5,"Bastante","Si, se identificar cuando estoy estresado debido a la universidad","Dolores de Cabeza, Tensión o dolor muscular, Dolor en el pecho, Fatiga, Diarrea, Cambios en el apetito, Tics Nerviosos","Apoyo social (hablar con amigos/familia), Tomar descansos regulares","No creencias","Agnóstico","No mantengo prácticas relacionadas a lo espiritual o lo religioso.","No, no he asistido","No influyente en absoluto","Entre 3 a 4 horas","Mantenerse en contacto con amigos y familiares, Compartir mi propia vida y experiencias, Consumir contenido de entretenimiento (humor, arte, cultura), Seguir a marcas, celebridades, artistas (músicos/as, actores/actrices, humoristas) o deportistas., Obtener información de noticias y eventos, Seguir a instituciones o personas del mundo académico o científico","A veces","Compartiendo mis preocupaciones con amigos o familiares","Instagram","TikTok","Bastante tiempo.","3 a 4 veces.","A veces, intento encontrar un equilibrio, pero no siempre lo logro.","Jugar videojuegos., Escuchar música., Salir con amigos / familia.","No, las realizo de forma individual","Muy importante.",9,5,"Si","No","Frecuencia moderada (de 2 a 3 veces por semana)",7,"Entre 5 a 6 horas.","de todo","de todo","En su casa o de familiares.","Muy importante"
2024-05-09 16:51:23.478,"jkiessling@alumnos.uahurtado.cl","Juan","Sí","Hombre cisgénero","24.0",2023,"Santiago Centro","Clase social media","No sé","Educación Media Técnica Profesional","Particular subvencionado","3 o 4 horas al día","1 o 2 horas al día","Pesada","6.0","Satisfecho",4,"Poco","Si, se identificar cuando estoy estresado debido a la universidad","Dolores de Cabeza, Tensión o dolor muscular, Fatiga, Irritabilidad o enojo","No utilizo estrategias para manejar el estrés académico","No creencias","Ateo","No mantengo prácticas relacionadas a lo espiritual o lo religioso.","No, no he asistido","No influyente en absoluto","Entre 1 a 2 horas","Mantenerse en contacto con amigos y familiares, Consumir contenido de entretenimiento (humor, arte, cultura), Participar en grupos o comunidades de interés (Ej: Grupo de Instagram de fans de Los Bunkers)","No","No me estresa","Instagram","Reddit","Poco tiempo.","Más de 6.","A veces, intento encontrar un equilibrio, pero no siempre lo logro.","Leer. y/o Escribir, Jugar videojuegos., Escuchar música., Salir con amigos / familia.","No, las realizo de forma individual","Muy importante.",1,1,"No","No","Alta frecuencia (usualmente todos mis productos)",7,"Más de 7 horas.","Prog","Rock","En su casa o de familiares., En casa de amigos., En el transporte público, En el lugar de estudio, En otros lugares","Importante"
2024-05-09 16:59:53.989,"silva.renato8291@gmail.com","Gonzalo Muñoz","Sí","Hombre cisgénero","41.0",2024,"La Cisterna","Clase social baja","Sin figura paterna","Educación Media","Público","3 o 4 horas al día","1 o 2 horas al día","Moderada",NA,"Satisfecho",NA,"Poco","Si, se identificar cuando estoy estresado debido a la universidad","Dolores de Cabeza","Organización y planificación del tiempo, Tomar descansos regulares, Participar en otras actividades creativas (música, arte, escritura)","No creencias","Ateo","No mantengo prácticas relacionadas a lo espiritual o lo religioso.","No, no he asistido","No influyente en absoluto","Entre 1 a 2 horas","Mantenerse en contacto con amigos y familiares, Consumir contenido de entretenimiento (humor, arte, cultura), Obtener información de noticias y eventos, Seguir a políticos/as o activistas sociales, Seguir a instituciones o personas del mundo académico o científico","No","No me estresa","Instagram","WhatsApp","Suficiente tiempo.","1 a 2 veces.","A veces, intento encontrar un equilibrio, pero no siempre lo logro.","Ver series y / o películas., Escuchar música., Tocar música.","Sí, con un instructor o grupo","Muy importante.",8,10,"No","No","Baja frecuencia (1 vez a la semana)",7,"Entre 1 a 2 horas.","Rock","Metal","En su casa o de familiares., En casa de amigos., En el transporte público, En el lugar de estudio, En otros lugares","Muy importante"
2024-05-09 17:16:49.575,"ameramos07@gmail.com","Valeria Carvajal","Sí","Mujer cisgénero","20.0",2023,"La Florida","Clase social media - baja","Técnico Nivel Superior (Carreras 1 a 3 años)","Profesional (Carreras 4 o más años)","Particular subvencionado","3 o 4 horas al día","3 o 4 horas al día","Moderada","cómo un 5,0 no sé","Muy insatisfecho",3,"Mucho","A veces, dependiendo de la situación puedo o no identificar si estoy estresado por la universidad.","Dolores de Cabeza, Tensión o dolor muscular, Problemas de sueño","Organización y planificación del tiempo, Apoyo social (hablar con amigos/familia)","Dudas ocasionales","No tengo una afiliación religiosa, pero si me considero una persona espiritual (por ejemplo, creo en las energías).","No mantengo prácticas relacionadas a lo espiritual o lo religioso.","No, no he asistido","No influyente en absoluto","Entre 3 a 4 horas","Consumir contenido de entretenimiento (humor, arte, cultura)","No","No me estresa","Instagram","Pinterest","Poco tiempo.","1 a 2 veces.","No estoy seguro(a) / No aplica a mi situación.","Ver series y / o películas., Salir con amigos / familia., Bailar y/o Cantar","Sí, con un instructor o grupo","Muy importante.",5,5,"Si","No","Baja frecuencia (1 vez a la semana)",7,"Entre 3 a 4 horas.","Pop","no sabría decir","En su casa o de familiares., En casa de amigos., En el transporte público, En el lugar de estudio, En otros lugares","Importante"
2024-05-09 17:21:40.148,"alexander.tama22@gmail.com","Gabriel Concha","Sí","Hombre cisgénero","23 años",2022,"Lampa","Clase social baja","Educación Media","Técnico Nivel Superior (Carreras 1 a 3 años)","Particular subvencionado","Más de 7 horas por día","Más de 7 horas por día","Pesada","62.0","Insatisfecho",4,"Mucho","Si, se identificar cuando estoy estresado debido a la universidad","Dolores de Cabeza, Tensión o dolor muscular, Dolor en el pecho, Fatiga, Problemas de sueño, Irritabilidad o enojo, Diarrea, Cambios en el apetito, Problemas dermatológicos, Sudoración excesiva, Tics Nerviosos","Técnicas de relajación (como de respiración o relajación muscular), Organización y planificación del tiempo, Apoyo social (hablar con amigos/familia), Tomar descansos regulares, Participar en otras actividades creativas (música, arte, escritura)","Creencia firme","No tengo una afiliación religiosa, pero si me considero una persona espiritual (por ejemplo, creo en las energías).","A diario.","Sí, asisto","Muy influyente","Entre 3 a 4 horas","Mantenerse en contacto con amigos y familiares, Compartir mi propia vida y experiencias, Consumir contenido de entretenimiento (humor, arte, cultura)","No","No me estresa","Instagram","WhatsApp","No tengo tiempo.","1 a 2 veces.","No, no administro mi tiempo de manera óptima cuando tengo muchas obligaciones académicas.","Leer. y/o Escribir, Escuchar música., Dibujar / pintar., Salir con amigos / familia.","No, las realizo de forma individual","Muy importante.",1,1,"No","No","Alta frecuencia (usualmente todos mis productos)",7,"Más de 7 horas.","Jazz","Boleros","En su casa o de familiares., En el transporte público, En el lugar de estudio","Muy importante"
2024-05-09 17:45:59.05,"esp.cuadros@gmail.com","Joaquín Castillo","Sí","No binarie","24.0",2019,"Peñalolén","Clase social media - alta","Magíster o maestría","Profesional (Carreras 4 o más años)","Público","Más de 7 horas por día","5 o 6 horas por días","Pesada","6.3","Insatisfecho",4,"Mucho","A veces, dependiendo de la situación puedo o no identificar si estoy estresado por la universidad.","Dolores de Cabeza, Tensión o dolor muscular, Dolor en el pecho, Fatiga, Problemas de sueño, Irritabilidad o enojo, Diarrea, Cambios en el apetito, Problemas dermatológicos, Sudoración excesiva, Tics Nerviosos","Técnicas de relajación (como de respiración o relajación muscular), Apoyo social (hablar con amigos/familia), Consulta con un profesional de salud mental, Tomar descansos regulares","Dudas ocasionales","No tengo una afiliación religiosa, pero si me considero una persona espiritual (por ejemplo, creo en las energías).","No mantengo prácticas relacionadas a lo espiritual o lo religioso.","No, no he asistido","Moderadamente influyente","Entre 3 a 4 horas","Mantenerse en contacto con amigos y familiares, Compartir mi propia vida y experiencias, Consumir contenido de entretenimiento (humor, arte, cultura), Seguir a marcas, celebridades, artistas (músicos/as, actores/actrices, humoristas) o deportistas., Obtener información de noticias y eventos, Seguir a políticos/as o activistas sociales, Seguir a instituciones o personas del mundo académico o científico","No","Desconectándome temporalmente","WhatsApp","Instagram","Poco tiempo.","3 a 4 veces.","A veces, intento encontrar un equilibrio, pero no siempre lo logro.","Ver series y / o películas., Escuchar música., Salir con amigos / familia., Bailar y/o Cantar","No, las realizo de forma individual","Muy importante.",9,10,"No","No","Baja frecuencia (1 vez a la semana)",7,"Entre 5 a 6 horas.","Pop","Reggaetón","En su casa o de familiares., En casa de amigos., En el transporte público, En el lugar de estudio, En otros lugares","Muy importante"
2024-05-09 17:51:18.433,"yakim00692@gmail.com","Valentina González","Sí","Hombre cisgénero","24.0",2022,"Santiago Centro","Clase social media - baja","Educación Media Técnica Profesional","Educación media incompleta","Público","3 o 4 horas al día","Más de 7 horas por día","Moderada","5.4","Insatisfecho",3,"Moderado","A veces, dependiendo de la situación puedo o no identificar si estoy estresado por la universidad.","Dolores de Cabeza, Problemas de sueño","Ejercicio físico, Tomar descansos regulares","Escéptico","Agnóstico","No mantengo prácticas relacionadas a lo espiritual o lo religioso.","No, no he asistido","No influyente en absoluto","4 horas o más","Mantenerse en contacto con amigos y familiares, Consumir contenido de entretenimiento (humor, arte, cultura)","No","Desconectándome temporalmente","Youtube","Facebook","Suficiente tiempo.","Más de 6.","A veces, intento encontrar un equilibrio, pero no siempre lo logro.","Jugar videojuegos., Escuchar música., Tocar música.","No, las realizo de forma individual","Muy importante.",5,7,"No","No","Baja frecuencia (1 vez a la semana)",7,"Más de 7 horas.","Raw death metal tecnoterrorista","Reggaeton malianteo flamenco vaquillacore","En su casa o de familiares., En casa de amigos., En el lugar de estudio","Muy importante"
2024-05-09 18:12:01.285,"noel.casascordero@gmail.com","Catalina Fuentes","Sí","Hombre trans/transmasculino","22.0",2022,"Ñuñoa","Clase social media - alta","Profesional (Carreras 4 o más años)","Técnico Nivel Superior (Carreras 1 a 3 años)","Particular","3 o 4 horas al día","3 o 4 horas al día","Moderada","5.5","Muy insatisfecho",3,"Mucho","A veces, dependiendo de la situación puedo o no identificar si estoy estresado por la universidad.","Dolores de Cabeza, Tensión o dolor muscular, Fatiga","Organización y planificación del tiempo, Apoyo social (hablar con amigos/familia), Tomar descansos regulares","No creencias","Ateo","No mantengo prácticas relacionadas a lo espiritual o lo religioso.","No, no he asistido","No influyente en absoluto","Entre 1 a 2 horas","Mantenerse en contacto con amigos y familiares, Consumir contenido de entretenimiento (humor, arte, cultura), Obtener información de noticias y eventos, Seguir a políticos/as o activistas sociales, Participar en grupos o comunidades de interés (Ej: Grupo de Instagram de fans de Los Bunkers)","No","No me estresa","TikTok","Instagram","Suficiente tiempo.","3 a 4 veces.","Sí, suelo planificar mi tiempo cuidadosamente para equilibrar mis obligaciones académicas y actividades de ocio.","Ver series y / o películas., Escuchar música., Practicar deporte / ejercitarse., Salir con amigos / familia.","Sí, con un instructor o grupo","Muy importante.",7,7,"No","Sí","Frecuencia moderada (de 2 a 3 veces por semana)",7,"Entre 3 a 4 horas.","Rock","Trap","En su casa o de familiares., En casa de amigos., En el transporte público, En otros lugares","Muy importante"
2024-05-09 18:32:58.688,"oliver.delherbe@gmail.com","Consuelo Llantén","Sí","Hombre cisgénero","22.0",2022,"Peñalolén","Clase social media","Educación Media","Educación Media","Particular","1 o 2 horas al día","3 o 4 horas al día","Ligera","Arriba de 56","Satisfecho",1,"Poco","Si, se identificar cuando estoy estresado debido a la universidad","Problemas de sueño","Ejercicio físico, Participar en otras actividades creativas (música, arte, escritura), Carretear y hacer vida social","No creencias","Ateo","No mantengo prácticas relacionadas a lo espiritual o lo religioso.","No, no he asistido","No influyente en absoluto","Entre 3 a 4 horas","Mantenerse en contacto con amigos y familiares, Consumir contenido de entretenimiento (humor, arte, cultura)","No","No me estresa","Instagram","WhatsApp","Suficiente tiempo.","3 a 4 veces.","No estoy seguro(a) / No aplica a mi situación.","Tocar música., Practicar deporte / ejercitarse., Salir con amigos / familia.","Sí, con un instructor o grupo","Muy importante.",1,1,"No","No","Baja frecuencia (1 vez a la semana)",7,"Entre 3 a 4 horas.","Metal","New wave","En su casa o de familiares., En el transporte público, En el lugar de estudio, En otros lugares","Importante"
2024-05-09 19:21:00.911,"flomartincastro@gmail.com","Camila Segura","Sí","Mujer cisgénero","22.0",2022,"La Florida","Clase social media - alta","Profesional (Carreras 4 o más años)","Magíster o maestría","Particular","1 o 2 horas al día","1 o 2 horas al día","Muy pesada","52.0","Insatisfecho",4,"Mucho","Si, se identificar cuando estoy estresado debido a la universidad","Dolores de Cabeza, Irritabilidad o enojo","Organización y planificación del tiempo, Apoyo social (hablar con amigos/familia), Tomar descansos regulares, Participar en otras actividades creativas (música, arte, escritura)","No creencias","Ateo","No mantengo prácticas relacionadas a lo espiritual o lo religioso.","No, no he asistido","No influyente en absoluto","Entre 3 a 4 horas","Mantenerse en contacto con amigos y familiares, Compartir mi propia vida y experiencias, Consumir contenido de entretenimiento (humor, arte, cultura), Seguir a marcas, celebridades, artistas (músicos/as, actores/actrices, humoristas) o deportistas., Obtener información de noticias y eventos","No","Desconectándome temporalmente","Instagram","TikTok","Poco tiempo.","3 a 4 veces.","Sí, suelo planificar mi tiempo cuidadosamente para equilibrar mis obligaciones académicas y actividades de ocio.","Leer. y/o Escribir, Ver series y / o películas., Jugar videojuegos., Escuchar música., Tocar música., Practicar deporte / ejercitarse., Salir con amigos / familia.","No, las realizo de forma individual","Muy importante.",1,1,"Si","Sí","Baja frecuencia (1 vez a la semana)",7,"Entre 5 a 6 horas.","Hip-Hop, Rap, Freestyle","Folklore","En su casa o de familiares., En casa de amigos., En el transporte público, En el lugar de estudio","Muy importante"
2024-05-09 19:21:04.007,"vicentechanop@gmail.com","Vicente","Sí","Hombre cisgénero","23.0",2020,"Santiago Centro","Clase social media","Profesional (Carreras 4 o más años)","Profesional (Carreras 4 o más años)","Particular","3 o 4 horas al día","5 o 6 horas por días","Pesada","45.0","Muy insatisfecho",5,"Mucho","A veces, dependiendo de la situación puedo o no identificar si estoy estresado por la universidad.","Tensión o dolor muscular, Fatiga, Problemas de sueño, Irritabilidad o enojo, Diarrea, Cambios en el apetito, Problemas dermatológicos, Tics Nerviosos","No utilizo estrategias para manejar el estrés académico","No creencias","No tengo una afiliación religiosa, pero si me considero una persona espiritual (por ejemplo, creo en las energías).","Al menos una vez a la semana. Cuando siento la necesidad.","No, no he asistido","Moderadamente influyente","Entre 3 a 4 horas","Mantenerse en contacto con amigos y familiares, Consumir contenido de entretenimiento (humor, arte, cultura), Obtener información de noticias y eventos, Seguir a políticos/as o activistas sociales, Seguir a instituciones o personas del mundo académico o científico, Participar en grupos o comunidades de interés (Ej: Grupo de Instagram de fans de Los Bunkers)","No","No me estresa","Instagram","TikTok","Poco tiempo.","Más de 6.","A veces, intento encontrar un equilibrio, pero no siempre lo logro.","Jugar videojuegos., Salir con amigos / familia.","No, las realizo de forma individual","Muy poco importante.",4,3,"Si","No","Baja frecuencia (1 vez a la semana)",7,"Entre 3 a 4 horas.","Jazz","Rock","En su casa o de familiares.","Poco importante"
2024-05-09 19:22:27.014,"beliiiplaza66@gmail.com","Florencia Martin","Sí","Mujer cisgénero","19 años",2024,"La Reina","Clase social media - baja","No sé","Educación Media Técnica Profesional","Público","1 o 2 horas al día","1 o 2 horas al día","Pesada","Ingrese recién este año, así que aún no termino el primer semestre","Satisfecho",4,"Bastante","A veces, dependiendo de la situación puedo o no identificar si estoy estresado por la universidad.","Problemas de sueño, Irritabilidad o enojo, Tics Nerviosos","No utilizo estrategias para manejar el estrés académico","Escéptico","Agnóstico","No mantengo prácticas relacionadas a lo espiritual o lo religioso.","No, no he asistido","No influyente en absoluto","4 horas o más","Consumir contenido de entretenimiento (humor, arte, cultura), Obtener información de noticias y eventos, Seguir a políticos/as o activistas sociales","No","No me estresa","Instagram","TikTok","Suficiente tiempo.","3 a 4 veces.","Sí, suelo planificar mi tiempo cuidadosamente para equilibrar mis obligaciones académicas y actividades de ocio.","Leer. y/o Escribir, Ver series y / o películas., Salir con amigos / familia.","No, las realizo de forma individual","Importante.",7,3,"No","No","Baja frecuencia (1 vez a la semana)",7,"Más de 7 horas.","K-Pop","Pop","En su casa o de familiares., En el transporte público, En el lugar de estudio, En otros lugares","Muy importante"
2024-05-09 19:38:54.822,"asd123joaquin@gmail.com","Joaquin","Sí","Hombre cisgénero","26.0",2019,"La serena","Clase social media","Profesional (Carreras 4 o más años)","Educación Media","Particular subvencionado","1 o 2 horas al día","1 o 2 horas al día","Moderada","60.0","Satisfecho",3,"Moderado","Si, se identificar cuando estoy estresado debido a la universidad","Problemas de sueño","Ejercicio físico","No creencias","Catolico","No mantengo prácticas relacionadas a lo espiritual o lo religioso.","No, no he asistido","No influyente en absoluto","Entre 1 a 2 horas","Mantenerse en contacto con amigos y familiares","Sí","Desconectándome temporalmente","Instagram","Twitter/X","Poco tiempo.","1 a 2 veces.","A veces, intento encontrar un equilibrio, pero no siempre lo logro.","Ver series y / o películas., Practicar deporte / ejercitarse.","No, las realizo de forma individual","Importante.",7,5,"Si","Sí","Frecuencia moderada (de 2 a 3 veces por semana)",7,"Entre 1 a 2 horas.","Rock","Trap","En su casa o de familiares., En casa de amigos., En el transporte público, En el lugar de estudio, En otros lugares","Muy importante"
2024-05-09 20:09:02.082,"victoriavalenzuela303@gmail.com","Florencia Martin","Sí","Género fluido","22.0",2020,"Puente Alto","Clase social media","Educación Media Técnica Profesional","Educación Media","Particular","5 o 6 horas por días","Más de 7 horas por día","Pesada","63.0","Satisfecho",4,"Moderado","Si, se identificar cuando estoy estresado debido a la universidad","Dolores de Cabeza, Tensión o dolor muscular, Dolor en el pecho, Cambios en el apetito","Organización y planificación del tiempo","Dudas ocasionales","No tengo una afiliación religiosa, pero si me considero una persona espiritual (por ejemplo, creo en las energías).","No mantengo prácticas relacionadas a lo espiritual o lo religioso.","No, no he asistido","Moderadamente influyente","Entre 3 a 4 horas","Consumir contenido de entretenimiento (humor, arte, cultura)","No","Desconectándome temporalmente","TikTok","WhatsApp","Poco tiempo.","1 a 2 veces.","Sí, suelo planificar mi tiempo cuidadosamente para equilibrar mis obligaciones académicas y actividades de ocio.","Leer. y/o Escribir, Jugar videojuegos.","No, las realizo de forma individual","Poco importante.",5,6,"No","No","Frecuencia moderada (de 2 a 3 veces por semana)",7,"Entre 5 a 6 horas.","K-Pop","Reggaetón","En su casa o de familiares., En el transporte público, En el lugar de estudio","Importante"
2024-05-09 20:28:17.533,"llarabimillaray@gmail.com","Alejandra Mondaca","Sí","Mujer cisgénero","22.0",2020,"La Florida","Clase social media","Técnico Nivel Superior (Carreras 1 a 3 años)","profesional incompleto","Particular subvencionado","1 o 2 horas al día","1 o 2 horas al día","Ligera","59.0","Muy satisfecho",4,"Bastante","A veces, dependiendo de la situación puedo o no identificar si estoy estresado por la universidad.","Dolores de Cabeza, Tensión o dolor muscular, Irritabilidad o enojo, Problemas dermatológicos","Ejercicio físico, Organización y planificación del tiempo, Participar en otras actividades creativas (música, arte, escritura)","Dudas ocasionales","No tengo una afiliación religiosa, pero si me considero una persona espiritual (por ejemplo, creo en las energías).","No mantengo prácticas relacionadas a lo espiritual o lo religioso.","No, no he asistido","Menos influyente","Entre 3 a 4 horas","Mantenerse en contacto con amigos y familiares, Compartir mi propia vida y experiencias, Consumir contenido de entretenimiento (humor, arte, cultura)","A veces","Desconectándome temporalmente","Instagram","WhatsApp","Poco tiempo.","1 a 2 veces.","Sí, suelo planificar mi tiempo cuidadosamente para equilibrar mis obligaciones académicas y actividades de ocio.","Leer. y/o Escribir, Ver series y / o películas., Tocar música., Practicar deporte / ejercitarse., Dibujar / pintar., Salir con amigos / familia.","No, las realizo de forma individual","Muy importante.",3,4,"No","No","Baja frecuencia (1 vez a la semana)",7,"Entre 3 a 4 horas.","Hip-Hop, Rap, Freestyle","Cumbia","En su casa o de familiares., En el transporte público, En el lugar de estudio","Muy importante"
2024-05-09 20:33:23.982,"daniel1.reyes1996@gmail.com","Consuelo Llantén","Sí","Hombre cisgénero","27.0",2019,"Puente Alto","Clase social media - baja","Educación Media Técnica Profesional","Educación Media","Particular subvencionado","3 o 4 horas al día","3 o 4 horas al día","Ligera","5.1","Insatisfecho",4,"Bastante","Si, se identificar cuando estoy estresado debido a la universidad","Dolores de Cabeza, Fatiga, Problemas de sueño, Tics Nerviosos","Organización y planificación del tiempo, Tomar descansos regulares, Participar en otras actividades creativas (música, arte, escritura)","Dudas ocasionales","No tengo una afiliación religiosa, pero si me considero una persona espiritual (por ejemplo, creo en las energías).","No mantengo prácticas relacionadas a lo espiritual o lo religioso.","No, no he asistido","Menos influyente","Entre 1 a 2 horas","Consumir contenido de entretenimiento (humor, arte, cultura)","No","No me estresa","Instagram","TikTok","Poco tiempo.","1 a 2 veces.","A veces, intento encontrar un equilibrio, pero no siempre lo logro.","Leer. y/o Escribir, Ver series y / o películas., Tocar música.","No, las realizo de forma individual","Muy importante.",2,5,"No","No","Frecuencia moderada (de 2 a 3 veces por semana)",7,"Entre 5 a 6 horas.","J-Rock / Visual Kei","Metal","En su casa o de familiares., En casa de amigos., En el transporte público, En el lugar de estudio, En otros lugares","Muy importante"
2024-05-09 20:35:59.487,"Angelavelizp@gmail.com","Camila Segura","Sí","Mujer cisgénero","18 años",2024,"Santiago Centro","Clase social baja","Educación Media","Educación Media Técnica Profesional","Particular subvencionado","1 o 2 horas al día","1 o 2 horas al día","Pesada","6.2","Satisfecho",3,"Moderado","A veces, dependiendo de la situación puedo o no identificar si estoy estresado por la universidad.","Dolores de Cabeza, Tensión o dolor muscular, Fatiga, Problemas de sueño, Irritabilidad o enojo, Cambios en el apetito","Técnicas de relajación (como de respiración o relajación muscular), Apoyo social (hablar con amigos/familia), Tomar descansos regulares, Distracciones con lecturas de mi interés.","Dudas ocasionales","Catolico","No mantengo prácticas relacionadas a lo espiritual o lo religioso.","No, no he asistido","Menos influyente","4 horas o más","Mantenerse en contacto con amigos y familiares, Consumir contenido de entretenimiento (humor, arte, cultura), Obtener información de noticias y eventos, Participar en grupos o comunidades de interés (Ej: Grupo de Instagram de fans de Los Bunkers)","A veces","Desconectándome temporalmente","WhatsApp","Instagram","Poco tiempo.","1 a 2 veces.","A veces, intento encontrar un equilibrio, pero no siempre lo logro.","Leer. y/o Escribir, Escuchar música., Salir con amigos / familia.","No, las realizo de forma individual","Moderadamente importante.",9,8,"No","No","Frecuencia moderada (de 2 a 3 veces por semana)",7,"Entre 3 a 4 horas.","J-pop","Rock","En su casa o de familiares., En casa de amigos.","Importante"
2024-05-09 20:44:40.743,"berni.fuentealba@gmail.com","Gabriel Concha","Sí","Mujer cisgénero","25.0",2019,"Quinta Normal","Clase social media","Magíster o maestría","Profesional (Carreras 4 o más años)","Particular subvencionado","3 o 4 horas al día","5 o 6 horas por días","Pesada","6.0","Satisfecho",5,"Mucho","A veces, dependiendo de la situación puedo o no identificar si estoy estresado por la universidad.","Dolores de Cabeza, Tensión o dolor muscular, Dolor en el pecho, Fatiga, Problemas de sueño, Irritabilidad o enojo, Cambios en el apetito, Problemas dermatológicos, Sudoración excesiva, Tics Nerviosos","Apoyo social (hablar con amigos/familia), Consulta con un profesional de salud mental","Escéptico","No tengo una afiliación religiosa, pero si me considero una persona espiritual (por ejemplo, creo en las energías).","No mantengo prácticas relacionadas a lo espiritual o lo religioso.","No, no he asistido","Menos influyente","4 horas o más","Mantenerse en contacto con amigos y familiares, Compartir mi propia vida y experiencias, Consumir contenido de entretenimiento (humor, arte, cultura), Seguir a marcas, celebridades, artistas (músicos/as, actores/actrices, humoristas) o deportistas., Obtener información de noticias y eventos, Seguir a políticos/as o activistas sociales, Seguir a instituciones o personas del mundo académico o científico","A veces","Desconectándome temporalmente","Instagram","WhatsApp","Poco tiempo.","1 a 2 veces.","A veces, intento encontrar un equilibrio, pero no siempre lo logro.","Ver series y / o películas., Practicar deporte / ejercitarse., Salir con amigos / familia.","No, las realizo de forma individual","Muy importante.",5,8,"Si","No","Alta frecuencia (usualmente todos mis productos)",7,"Entre 3 a 4 horas.","Reggaetón","Hip-Hop, Rap, Freestyle","En su casa o de familiares., En casa de amigos., En el transporte público","Muy importante"
2024-05-09 20:47:39.972,"pirukina666@gmail.com","Gonzalo Muñoz","Sí","Mujer cisgénero","23.0",2023,"Puente Alto","Clase social media - baja","Educación Media Técnica Profesional","Profesional (Carreras 4 o más años)","Particular subvencionado","3 o 4 horas al día","3 o 4 horas al día","Pesada","6.1","Satisfecho",5,"Bastante","A veces, dependiendo de la situación puedo o no identificar si estoy estresado por la universidad.","Dolores de Cabeza, Tensión o dolor muscular, Dolor en el pecho, Fatiga, Problemas de sueño, Irritabilidad o enojo, Cambios en el apetito, Problemas dermatológicos, Tics Nerviosos","Técnicas de relajación (como de respiración o relajación muscular), Organización y planificación del tiempo, Apoyo social (hablar con amigos/familia), Tomar descansos regulares, Participar en otras actividades creativas (música, arte, escritura), Consumo de drogas","Creencia moderada","No tengo una afiliación religiosa, pero si me considero una persona espiritual (por ejemplo, creo en las energías).","Al menos una vez a la semana. Cuando siento la necesidad.","No, no he asistido","Moderadamente influyente","Entre 3 a 4 horas","Mantenerse en contacto con amigos y familiares, Consumir contenido de entretenimiento (humor, arte, cultura), Seguir a marcas, celebridades, artistas (músicos/as, actores/actrices, humoristas) o deportistas., Obtener información de noticias y eventos, Seguir a políticos/as o activistas sociales, Seguir a instituciones o personas del mundo académico o científico","A veces","Desconectándome temporalmente","TikTok","Instagram","No tengo tiempo.","3 a 4 veces.","Sí, suelo planificar mi tiempo cuidadosamente para equilibrar mis obligaciones académicas y actividades de ocio.","Ver series y / o películas., Escuchar música., Salir con amigos / familia.","No, las realizo de forma individual","Muy importante.",8,9,"Si","Sí","Alta frecuencia (usualmente todos mis productos)",7,"Entre 3 a 4 horas.","Folklore","Rock","En su casa o de familiares., En casa de amigos., En el transporte público, En el lugar de estudio, En otros lugares","Muy importante"
2024-05-09 20:54:25.628,"estefano.g.n@gmail.com","Julia Sotomayor","Sí","No binarie","24.0",2021,"Lo Espejo","Clase social media - baja","Educación Media","Profesional (Carreras 4 o más años)","Particular subvencionado","3 o 4 horas al día","1 o 2 horas al día","Ligera","49.0","Muy insatisfecho",4,"Bastante","A veces, dependiendo de la situación puedo o no identificar si estoy estresado por la universidad.","No he experimentado síntomas físicos","Tomar descansos regulares, Participar en otras actividades creativas (música, arte, escritura)","No creencias","Agnóstico","No mantengo prácticas relacionadas a lo espiritual o lo religioso.","No, no he asistido","No influyente en absoluto","Entre 3 a 4 horas","Mantenerse en contacto con amigos y familiares, Compartir mi propia vida y experiencias, Consumir contenido de entretenimiento (humor, arte, cultura), Obtener información de noticias y eventos, Seguir a políticos/as o activistas sociales","No sé","Desconectándome temporalmente","Instagram","WhatsApp","Poco tiempo.","3 a 4 veces.","No, no administro mi tiempo de manera óptima cuando tengo muchas obligaciones académicas.","Tocar música., Practicar deporte / ejercitarse., Salir con amigos / familia.","No, las realizo de forma individual","Muy importante.",1,10,"No","No","Baja frecuencia (1 vez a la semana)",7,"Entre 1 a 2 horas.","Pop","Boleros","En su casa o de familiares., En el transporte público, En el lugar de estudio","Importante"
2024-05-09 20:55:50.871,"carlagonzalezvalenzuela13@gmail.com","Carla (buffy)","Sí","Mujer cisgénero","20.0",2023,"Calera de Tango","Clase social media - baja","Educación Media","Profesional (Carreras 4 o más años)","Particular subvencionado","3 o 4 horas al día","3 o 4 horas al día","Moderada","5.3","Satisfecho",4,"Bastante","Si, se identificar cuando estoy estresado debido a la universidad","Dolores de Cabeza, Tensión o dolor muscular, Dolor en el pecho, Fatiga, Problemas de sueño, Cambios en el apetito, Problemas dermatológicos, Sudoración excesiva","Ejercicio físico, Técnicas de relajación (como de respiración o relajación muscular), Tomar descansos regulares","Dudas ocasionales","No tengo una afiliación religiosa, pero si me considero una persona espiritual (por ejemplo, creo en las energías).","Al menos una vez a la semana. Cuando siento la necesidad.","No, no he asistido","Menos influyente","Entre 3 a 4 horas","Mantenerse en contacto con amigos y familiares, Consumir contenido de entretenimiento (humor, arte, cultura), Seguir a marcas, celebridades, artistas (músicos/as, actores/actrices, humoristas) o deportistas., Obtener información de noticias y eventos, Seguir a políticos/as o activistas sociales, Seguir a instituciones o personas del mundo académico o científico, Participar en grupos o comunidades de interés (Ej: Grupo de Instagram de fans de Los Bunkers)","No sé","No me estresa","TikTok","Pinterest","Poco tiempo.","1 a 2 veces.","A veces, intento encontrar un equilibrio, pero no siempre lo logro.","Leer. y/o Escribir, Ver series y / o películas., Practicar deporte / ejercitarse.","No, las realizo de forma individual","Importante.",6,8,"Si","Sí","Frecuencia moderada (de 2 a 3 veces por semana)",7,"Entre 3 a 4 horas.","Rock","Pop","En su casa o de familiares., En el transporte público, En otros lugares","Muy importante"
2024-05-09 20:56:12.318,"juliasotomayor123@gmail.com","Yakim","Sí","Mujer cisgénero","23.0",2022,"Las Condes","Clase social media - alta","Magíster o maestría","Profesional (Carreras 4 o más años)","Particular","3 o 4 horas al día","1 o 2 horas al día","Pesada","6.0","Satisfecho",4,"Moderado","A veces, dependiendo de la situación puedo o no identificar si estoy estresado por la universidad.","Tensión o dolor muscular, Dolor en el pecho, Irritabilidad o enojo, Cambios en el apetito","Técnicas de relajación (como de respiración o relajación muscular), Organización y planificación del tiempo, Apoyo social (hablar con amigos/familia), Tomar descansos regulares, Participar en otras actividades creativas (música, arte, escritura)","No creencias","No tengo una afiliación religiosa, pero si me considero una persona espiritual (por ejemplo, creo en las energías).","No mantengo prácticas relacionadas a lo espiritual o lo religioso.","No, no he asistido","Menos influyente","Entre 3 a 4 horas","Mantenerse en contacto con amigos y familiares, Compartir mi propia vida y experiencias, Consumir contenido de entretenimiento (humor, arte, cultura), Seguir a marcas, celebridades, artistas (músicos/as, actores/actrices, humoristas) o deportistas., Obtener información de noticias y eventos, Seguir a políticos/as o activistas sociales","No sé","Bloqueando o reportando usuarios problemáticos","Instagram","WhatsApp","Suficiente tiempo.","3 a 4 veces.","A veces, intento encontrar un equilibrio, pero no siempre lo logro.","Ver series y / o películas., Salir con amigos / familia., Bailar y/o Cantar","No, las realizo de forma individual","Muy importante.",6,3,"Si","Sí","Baja frecuencia (1 vez a la semana)",7,"Entre 3 a 4 horas.","Hip-Hop, Rap, Freestyle","Cumbia","En su casa o de familiares.","Muy importante"
2024-05-09 21:05:49.641,"carlgonz@alumnos.uahurtado.cl","Alejandra Mondaca","Sí","Mujer cisgénero","20.0",2023,"Calera de Tango","Clase social media - baja","Educación Media","Técnico Nivel Superior (Carreras 1 a 3 años)","Particular subvencionado","5 o 6 horas por días","1 o 2 horas al día","Moderada","5.2","Insatisfecho",4,"Bastante","Si, se identificar cuando estoy estresado debido a la universidad","Dolores de Cabeza, Tensión o dolor muscular, Dolor en el pecho, Fatiga, Problemas de sueño, Cambios en el apetito, Problemas dermatológicos, Sudoración excesiva","Ejercicio físico, Técnicas de relajación (como de respiración o relajación muscular), Consulta con un profesional de salud mental, Tomar descansos regulares","Dudas ocasionales","No tengo una afiliación religiosa, pero si me considero una persona espiritual (por ejemplo, creo en las energías).","Al menos una vez a la semana. Cuando siento la necesidad.","No, no he asistido","Menos influyente","4 horas o más","Mantenerse en contacto con amigos y familiares, Compartir mi propia vida y experiencias, Consumir contenido de entretenimiento (humor, arte, cultura), Seguir a marcas, celebridades, artistas (músicos/as, actores/actrices, humoristas) o deportistas., Obtener información de noticias y eventos, Seguir a políticos/as o activistas sociales, Seguir a instituciones o personas del mundo académico o científico, Participar en grupos o comunidades de interés (Ej: Grupo de Instagram de fans de Los Bunkers)","No sé","Desconectándome temporalmente","TikTok","Pinterest","Poco tiempo.","No realizo actividades de ocio.","A veces, intento encontrar un equilibrio, pero no siempre lo logro.","Leer. y/o Escribir, Ver series y / o películas., Escuchar música.","No, las realizo de forma individual","Muy importante.",6,8,"Si","No","Frecuencia moderada (de 2 a 3 veces por semana)",7,"Entre 3 a 4 horas.","Rock","Pop","En su casa o de familiares., En el transporte público, En el lugar de estudio, En otros lugares","Muy importante"
2024-05-09 21:09:05.017,"matiasalfareyes@gmail.com","Verónica Moya","Sí","Hombre cisgénero","31.0",2021,"Santiago Centro","Clase social baja","Técnico Nivel Superior (Carreras 1 a 3 años)","Profesional (Carreras 4 o más años)","Particular subvencionado","1 o 2 horas al día","1 o 2 horas al día","Pesada","67.0","Muy satisfecho",5,"Poco","Si, se identificar cuando estoy estresado debido a la universidad","Dolores de Cabeza, Dolor en el pecho, Fatiga, Problemas de sueño, Irritabilidad o enojo, Cambios en el apetito, Problemas dermatológicos, Sudoración excesiva","No utilizo estrategias para manejar el estrés académico","Creencia moderada","Cristianismo Protestante (Evangélico, anglicano, etcétera)","No mantengo prácticas relacionadas a lo espiritual o lo religioso.","No, no he asistido","Moderadamente influyente","4 horas o más","Mantenerse en contacto con amigos y familiares, Compartir mi propia vida y experiencias, Consumir contenido de entretenimiento (humor, arte, cultura), Seguir a marcas, celebridades, artistas (músicos/as, actores/actrices, humoristas) o deportistas., Obtener información de noticias y eventos, Seguir a políticos/as o activistas sociales, Seguir a instituciones o personas del mundo académico o científico, Participar en grupos o comunidades de interés (Ej: Grupo de Instagram de fans de Los Bunkers)","Sí","Compartiendo mis preocupaciones con amigos o familiares","Instagram","TikTok","Poco tiempo.","1 a 2 veces.","No, no administro mi tiempo de manera óptima cuando tengo muchas obligaciones académicas.","Leer. y/o Escribir, Ver series y / o películas., Escuchar música.","No, las realizo de forma individual","Poco importante.",10,10,"Si","Sí","Alta frecuencia (usualmente todos mis productos)",7,"Menos de una hora","Hip-Hop, Rap, Freestyle","Rock","En su casa o de familiares., En casa de amigos., En el transporte público, En el lugar de estudio, En otros lugares","Muy importante"
2024-05-09 21:16:23.502,"isiyuury@gmail.com","Alexi","Sí","Mujer cisgénero","23.0",2020,"Vitacura","Clase social media - alta","Educación Media","Educación Media","Particular","1 o 2 horas al día","1 o 2 horas al día","Pesada","5.5","Muy insatisfecho",5,"Bastante","Si, se identificar cuando estoy estresado debido a la universidad","Dolores de Cabeza, Fatiga, Irritabilidad o enojo","Apoyo social (hablar con amigos/familia)","Escéptico","Ortodoxo","No mantengo prácticas relacionadas a lo espiritual o lo religioso.","Sí, asisto","No influyente en absoluto","4 horas o más","Compartir mi propia vida y experiencias, Consumir contenido de entretenimiento (humor, arte, cultura), Seguir a políticos/as o activistas sociales","Sí","Compartiendo mis preocupaciones con amigos o familiares","Instagram","WhatsApp","Poco tiempo.","1 a 2 veces.","No estoy seguro(a) / No aplica a mi situación.","Ver series y / o películas.","No, las realizo de forma individual","Poco importante.",5,4,"Si","No","Frecuencia moderada (de 2 a 3 veces por semana)",6,"Entre 3 a 4 horas.","Reggaetón","Pop","En el transporte público","Muy importante"
2024-05-09 21:21:40.047,"tatianalabat@gmail.com","Joaquín Castillo","Sí","Mujer cisgénero","40.0",2024,"Quinta normal","Clase social baja","Técnico Nivel Superior (Carreras 1 a 3 años)","Educación Media","Público","3 o 4 horas al día","1 o 2 horas al día","Moderada",NA,"Insatisfecho",5,"Moderado","A veces, dependiendo de la situación puedo o no identificar si estoy estresado por la universidad.","Fatiga, Problemas de sueño","Organización y planificación del tiempo, Apoyo social (hablar con amigos/familia), Participar en otras actividades creativas (música, arte, escritura)","Creencia moderada","No tengo una afiliación religiosa, pero si me considero una persona espiritual (por ejemplo, creo en las energías).","Varias veces a la semana.","No, no he asistido","Menos influyente","Entre 1 a 2 horas","Mantenerse en contacto con amigos y familiares, Obtener información de noticias y eventos, Seguir a políticos/as o activistas sociales, Seguir a instituciones o personas del mundo académico o científico","No","Desconectándome temporalmente","WhatsApp","Instagram","Poco tiempo.","1 a 2 veces.","Sí, suelo planificar mi tiempo cuidadosamente para equilibrar mis obligaciones académicas y actividades de ocio.","Leer. y/o Escribir, Jugar videojuegos., Salir con amigos / familia.","No, las realizo de forma individual","Poco importante.",3,6,"No","No","Frecuencia moderada (de 2 a 3 veces por semana)",6,"Entre 1 a 2 horas.","Hip-Hop, Rap, Freestyle","Pop","En el transporte público","Muy importante"
2024-05-09 21:26:30.921,"besandov@alumnos.uahurtado.cl","Benjamin (Iris)","Sí","Mujer trans/transfemenina","22.0",2024,"Estación Central","Clase social media - baja","Técnico Nivel Superior (Carreras 1 a 3 años)","Técnico Nivel Superior (Carreras 1 a 3 años)","Público","1 o 2 horas al día","1 o 2 horas al día","Moderada","estoy en mi primer semestre, pero entre las 4 notas que tengo hacen promedio 6.4","Muy satisfecho",3,"Mucho","A veces, dependiendo de la situación puedo o no identificar si estoy estresado por la universidad.","Dolores de Cabeza, Tensión o dolor muscular, Fatiga, Irritabilidad o enojo, Cambios en el apetito, Sudoración excesiva","Ejercicio físico, Técnicas de relajación (como de respiración o relajación muscular), Apoyo social (hablar con amigos/familia), Tomar descansos regulares, Participar en otras actividades creativas (música, arte, escritura)","Escéptico","No tengo una afiliación religiosa, pero si me considero una persona espiritual (por ejemplo, creo en las energías).","Al menos una vez a la semana. Cuando siento la necesidad.","No, no he asistido","Moderadamente influyente","Entre 1 a 2 horas","Mantenerse en contacto con amigos y familiares, Consumir contenido de entretenimiento (humor, arte, cultura), Seguir a instituciones o personas del mundo académico o científico","No","No me estresa","Instagram","WhatsApp","Suficiente tiempo.","Más de 6.","No, no administro mi tiempo de manera óptima cuando tengo muchas obligaciones académicas.","Jugar videojuegos., Escuchar música., Practicar deporte / ejercitarse., Salir con amigos / familia.","No, las realizo de forma individual","Importante.",2,4,"No","No","Frecuencia moderada (de 2 a 3 veces por semana)",7,"Entre 1 a 2 horas.","Pop","Rock","En su casa o de familiares.","Importante"
2024-05-09 22:05:01.459,"escarleth.munozbugueno@gmail.com","Escarleth","Sí","Mujer cisgénero","18.0",2023,"Santiago Centro","Clase social media","Educación Media","Educación Media","Público","1 o 2 horas al día","1 o 2 horas al día","Muy pesada","A","Muy insatisfecho",5,"Mucho","A veces, dependiendo de la situación puedo o no identificar si estoy estresado por la universidad.","Tensión o dolor muscular, Dolor en el pecho, Problemas de sueño, Irritabilidad o enojo, Problemas dermatológicos, Tics Nerviosos","No utilizo estrategias para manejar el estrés académico","Dudas ocasionales","Catolico","Al menos una vez a la semana. Cuando siento la necesidad.","No, no he asistido","No influyente en absoluto","4 horas o más","Mantenerse en contacto con amigos y familiares, Compartir mi propia vida y experiencias, Consumir contenido de entretenimiento (humor, arte, cultura), Seguir a marcas, celebridades, artistas (músicos/as, actores/actrices, humoristas) o deportistas.","No","Bloqueando o reportando usuarios problemáticos","TikTok","Instagram","Poco tiempo.","1 a 2 veces.","No, no administro mi tiempo de manera óptima cuando tengo muchas obligaciones académicas.","Jugar videojuegos., Escuchar música., Dibujar / pintar.","No, las realizo de forma individual","Importante.",10,3,"No","No","Frecuencia moderada (de 2 a 3 veces por semana)",4,"Entre 3 a 4 horas.","Metal","K-Pop","En su casa o de familiares., En el lugar de estudio","Importante"
2024-05-09 22:39:06.894,"elisamonsalvep@gmail.com","Elisa Monsalve","Sí","Mujer cisgénero","21.0",2022,"Las Condes","Clase social media - alta","Magíster o maestría","Profesional (Carreras 4 o más años)","Público","1 o 2 horas al día","1 o 2 horas al día","Moderada","nose","Satisfecho",4,"Bastante","Si, se identificar cuando estoy estresado debido a la universidad","Tensión o dolor muscular, Dolor en el pecho, Problemas de sueño, Irritabilidad o enojo, Cambios en el apetito","No utilizo estrategias para manejar el estrés académico","Creencia moderada","No tengo una afiliación religiosa, pero si me considero una persona espiritual (por ejemplo, creo en las energías).","No mantengo prácticas relacionadas a lo espiritual o lo religioso.","No, no he asistido","Moderadamente influyente","Entre 1 a 2 horas","Mantenerse en contacto con amigos y familiares, Consumir contenido de entretenimiento (humor, arte, cultura), Seguir a marcas, celebridades, artistas (músicos/as, actores/actrices, humoristas) o deportistas., Obtener información de noticias y eventos, Seguir a políticos/as o activistas sociales, Seguir a instituciones o personas del mundo académico o científico","No","Desconectándome temporalmente","Instagram","WhatsApp","Suficiente tiempo.","3 a 4 veces.","Sí, suelo planificar mi tiempo cuidadosamente para equilibrar mis obligaciones académicas y actividades de ocio.","Leer. y/o Escribir, Escuchar música., Bailar y/o Cantar","Sí, con un instructor o grupo","Importante.",7,5,"No","No","Frecuencia moderada (de 2 a 3 veces por semana)",6,"Entre 3 a 4 horas.","Reggaetón","Pop","En su casa o de familiares., En el transporte público","Muy importante"
2024-05-10 00:37:39.79,"fcassinelliaguilera@gmail.com","Franco","Sí","Hombre cisgénero","22.0",2020,"Providencia","Clase social media - alta","Magíster o maestría","Magíster o maestría","Particular subvencionado","1 o 2 horas al día","3 o 4 horas al día","Moderada","5.1","Insatisfecho",4,"Moderado","A veces, dependiendo de la situación puedo o no identificar si estoy estresado por la universidad.","No he experimentado síntomas físicos","Ejercicio físico, Apoyo social (hablar con amigos/familia)","No creencias","Agnóstico","No mantengo prácticas relacionadas a lo espiritual o lo religioso.","No, no he asistido","No influyente en absoluto","Entre 3 a 4 horas","Mantenerse en contacto con amigos y familiares, Consumir contenido de entretenimiento (humor, arte, cultura), Obtener información de noticias y eventos","No","No me estresa","Instagram","TikTok","Suficiente tiempo.","3 a 4 veces.","A veces, intento encontrar un equilibrio, pero no siempre lo logro.","Ver series y / o películas., Practicar deporte / ejercitarse., Salir con amigos / familia.","No, las realizo de forma individual","Muy importante.",9,7,"Si","Sí","Frecuencia moderada (de 2 a 3 veces por semana)",6,"Entre 3 a 4 horas.","Trap","Reggaetón","En su casa o de familiares., En otros lugares","Poco importante"
2024-05-10 10:34:12.383,"valebeth14@gmail.com","Olivier Delherbe","Sí","Mujer cisgénero","21.0",2022,"Santa Lucía","Clase social media","Profesional (Carreras 4 o más años)","Educación Media Técnica Profesional","Particular subvencionado","3 o 4 horas al día","3 o 4 horas al día","Pesada","60.0","Insatisfecho",3,"Moderado","Si, se identificar cuando estoy estresado debido a la universidad","Dolores de Cabeza, Tensión o dolor muscular, Fatiga, Diarrea, Cambios en el apetito, Problemas dermatológicos, Sudoración excesiva","Técnicas de relajación (como de respiración o relajación muscular), Organización y planificación del tiempo, Apoyo social (hablar con amigos/familia), Tomar descansos regulares, Participar en otras actividades creativas (música, arte, escritura)","Escéptico","No tengo una afiliación religiosa, pero si me considero una persona espiritual (por ejemplo, creo en las energías).","Al menos una vez a la semana. Cuando siento la necesidad.","No, no he asistido","Menos influyente","Entre 3 a 4 horas","Mantenerse en contacto con amigos y familiares, Compartir mi propia vida y experiencias, Consumir contenido de entretenimiento (humor, arte, cultura)","A veces","Desconectándome temporalmente","Instagram","TikTok","Poco tiempo.","1 a 2 veces.","A veces, intento encontrar un equilibrio, pero no siempre lo logro.","Leer. y/o Escribir, Ver series y / o películas., Salir con amigos / familia.","No, las realizo de forma individual","Moderadamente importante.",6,6,"No","No","Frecuencia moderada (de 2 a 3 veces por semana)",7,"Entre 3 a 4 horas.","Pop","Rock","En su casa o de familiares., En casa de amigos., En el transporte público, En el lugar de estudio","Importante"
2024-05-10 12:13:19.235,"juessago07@gmail.com","Alejandra Mondaca","Sí","Hombre cisgénero","23.0",2024,"Rancagua","Clase social media - baja","Educación Media","Técnico Nivel Superior (Carreras 1 a 3 años)","Particular","5 o 6 horas por días","1 o 2 horas al día","Moderada","Cursando primer semestre","Satisfecho",3,"Moderado","A veces, dependiendo de la situación puedo o no identificar si estoy estresado por la universidad.","Dolores de Cabeza, Cambios en el apetito","Ejercicio físico, Apoyo social (hablar con amigos/familia)","Escéptico","Agnóstico","No mantengo prácticas relacionadas a lo espiritual o lo religioso.","No, no he asistido","No influyente en absoluto","Entre 1 a 2 horas","Consumir contenido de entretenimiento (humor, arte, cultura), Seguir a marcas, celebridades, artistas (músicos/as, actores/actrices, humoristas) o deportistas., Obtener información de noticias y eventos, Seguir a instituciones o personas del mundo académico o científico","No","Desconectándome temporalmente","WhatsApp","Instagram","Poco tiempo.","1 a 2 veces.","A veces, intento encontrar un equilibrio, pero no siempre lo logro.","Escuchar música., Tocar música., Practicar deporte / ejercitarse.","No, las realizo de forma individual","Importante.",4,7,"Si","No","Frecuencia moderada (de 2 a 3 veces por semana)",7,"Entre 5 a 6 horas.","Hip-Hop, Rap, Freestyle","Folklore","En su casa o de familiares., En el transporte público, En el lugar de estudio, En otros lugares","Muy importante"
2024-05-10 12:37:58.34,"liam.adonis.fuentes@gmail.com","Antonia Ramirez","Sí","Hombre trans/transmasculino","18.0",2024,"Santiago Centro","Clase social media","Educación Media Técnica Profesional","Profesional (Carreras 4 o más años)","Particular subvencionado","1 o 2 horas al día","1 o 2 horas al día","Moderada","Este es mi primer semestre","Satisfecho",4,"Bastante","Si, se identificar cuando estoy estresado debido a la universidad","Fatiga, Problemas de sueño, Cambios en el apetito, Tics Nerviosos","Técnicas de relajación (como de respiración o relajación muscular), Apoyo social (hablar con amigos/familia), Tomar descansos regulares","No creencias","Ninguno","No mantengo prácticas relacionadas a lo espiritual o lo religioso.","No, no he asistido","No influyente en absoluto","Entre 3 a 4 horas","Mantenerse en contacto con amigos y familiares, Consumir contenido de entretenimiento (humor, arte, cultura), Obtener información de noticias y eventos, Seguir a instituciones o personas del mundo académico o científico","No","Bloqueando o reportando usuarios problemáticos","Instagram","TikTok","Suficiente tiempo.","Más de 6.","A veces, intento encontrar un equilibrio, pero no siempre lo logro.","Jugar videojuegos., Escuchar música., Salir con amigos / familia.","No, las realizo de forma individual","Muy importante.",5,5,"No","No","Frecuencia moderada (de 2 a 3 veces por semana)",6,"Entre 1 a 2 horas.","Indie rock","K-Pop","En su casa o de familiares., En el transporte público, En el lugar de estudio","Muy importante"
2024-05-10 13:55:54.669,"pcornejo545@gmail.com","Pablo Cornejo","Sí","Hombre cisgénero","22.0",2021,"Curacaví","Clase social media","Educación Media","Educación Media","Particular subvencionado","1 o 2 horas al día","3 o 4 horas al día","Pesada","5.5","Satisfecho",4,"Bastante","Si, se identificar cuando estoy estresado debido a la universidad","Tensión o dolor muscular, Irritabilidad o enojo, Cambios en el apetito, Problemas dermatológicos","Ejercicio físico, Organización y planificación del tiempo, Apoyo social (hablar con amigos/familia), Consulta con un profesional de salud mental, Tomar descansos regulares, Participar en otras actividades creativas (música, arte, escritura)","Escéptico","Agnóstico","No mantengo prácticas relacionadas a lo espiritual o lo religioso.","No, no he asistido","No influyente en absoluto","Entre 3 a 4 horas","Mantenerse en contacto con amigos y familiares, Consumir contenido de entretenimiento (humor, arte, cultura), Seguir a marcas, celebridades, artistas (músicos/as, actores/actrices, humoristas) o deportistas., Obtener información de noticias y eventos, Seguir a políticos/as o activistas sociales, Seguir a instituciones o personas del mundo académico o científico","A veces","Desconectándome temporalmente","Instagram","WhatsApp","Poco tiempo.","1 a 2 veces.","A veces, intento encontrar un equilibrio, pero no siempre lo logro.","Ver series y / o películas., Jugar videojuegos., Escuchar música., Practicar deporte / ejercitarse., Dibujar / pintar., Salir con amigos / familia.","No, las realizo de forma individual","Importante.",4,7,"No","No","Frecuencia moderada (de 2 a 3 veces por semana)",7,"Entre 1 a 2 horas.","TODO","Boleros","En su casa o de familiares., En casa de amigos., En el transporte público, En el lugar de estudio, En otros lugares","Importante"
2024-05-10 18:24:38.716,"kamilagalleguillos.apa@gmail.com","Pedro Villaroel","Sí","Mujer cisgénero","20.0",2024,"La Pintana","Clase social media - baja","Educación Media","Educación Media","Público","3 o 4 horas al día","5 o 6 horas por días","Moderada","aún tengo muy pocas notas como para responder esta respuesta😿","Insatisfecho",4,"Moderado","Si, se identificar cuando estoy estresado debido a la universidad","Problemas de sueño, Cambios en el apetito","Apoyo social (hablar con amigos/familia), Participar en otras actividades creativas (música, arte, escritura)","Escéptico","Ateo","No mantengo prácticas relacionadas a lo espiritual o lo religioso.","No, no he asistido","No influyente en absoluto","Entre 3 a 4 horas","Mantenerse en contacto con amigos y familiares, Consumir contenido de entretenimiento (humor, arte, cultura)","No","Desconectándome temporalmente","Instagram","WhatsApp","Poco tiempo.","1 a 2 veces.","A veces, intento encontrar un equilibrio, pero no siempre lo logro.","Ver series y / o películas., Escuchar música., Salir con amigos / familia.","No, las realizo de forma individual","Moderadamente importante.",3,7,"No","No","Baja frecuencia (1 vez a la semana)",7,"Entre 1 a 2 horas.","Reggaetón","Hip-Hop, Rap, Freestyle","En su casa o de familiares., En el transporte público","Poco importante"
2024-05-10 23:34:45.622,"elisamatted@gmail.com","victor","Sí","Mujer cisgénero","21.0",2021,"Ñuñoa","Clase social media - alta","Profesional (Carreras 4 o más años)","Doctorado","Particular subvencionado","3 o 4 horas al día","1 o 2 horas al día","Pesada","6.2","Satisfecho",3,"Moderado","Si, se identificar cuando estoy estresado debido a la universidad","Dolores de Cabeza, Problemas de sueño, Irritabilidad o enojo, Diarrea, Cambios en el apetito, Tics Nerviosos","Organización y planificación del tiempo, Apoyo social (hablar con amigos/familia), Tomar descansos regulares, Participar en otras actividades creativas (música, arte, escritura)","Dudas ocasionales","No tengo una afiliación religiosa, pero si me considero una persona espiritual (por ejemplo, creo en las energías).","No mantengo prácticas relacionadas a lo espiritual o lo religioso.","No, no he asistido","Moderadamente influyente","Entre 3 a 4 horas","Mantenerse en contacto con amigos y familiares, Obtener información de noticias y eventos","No","Desconectándome temporalmente","WhatsApp","Instagram","Poco tiempo.","3 a 4 veces.","Sí, suelo planificar mi tiempo cuidadosamente para equilibrar mis obligaciones académicas y actividades de ocio.","Leer. y/o Escribir, Salir con amigos / familia., Bailar y/o Cantar","No, las realizo de forma individual","Muy importante.",2,6,"No","No","Baja frecuencia (1 vez a la semana)",5,"Entre 1 a 2 horas.","Trap","Jazz","En el transporte público, En el lugar de estudio","Muy importante"
2024-05-11 00:31:27.123,"octapv@gmail.com","Krishna Asencio","Sí","Hombre cisgénero","22.0",2021,"Providencia","Clase social media - alta","Profesional (Carreras 4 o más años)","Magíster o maestría","Particular","1 o 2 horas al día","3 o 4 horas al día","Pesada","6.0","Satisfecho",4,"Moderado","Si, se identificar cuando estoy estresado debido a la universidad","Tensión o dolor muscular, Fatiga, Irritabilidad o enojo","Organización y planificación del tiempo, Apoyo social (hablar con amigos/familia), Tomar descansos regulares","No creencias","Ateo","No mantengo prácticas relacionadas a lo espiritual o lo religioso.","No, no he asistido","No influyente en absoluto","Entre 3 a 4 horas","Mantenerse en contacto con amigos y familiares, Compartir mi propia vida y experiencias, Consumir contenido de entretenimiento (humor, arte, cultura), Obtener información de noticias y eventos","A veces","No me estresa","Instagram","WhatsApp","Poco tiempo.","3 a 4 veces.","A veces, intento encontrar un equilibrio, pero no siempre lo logro.","Ver series y / o películas., Jugar videojuegos., Escuchar música., Practicar deporte / ejercitarse., Salir con amigos / familia.","Sí, con un instructor o grupo","Muy importante.",8,5,"No","No","Frecuencia moderada (de 2 a 3 veces por semana)",7,"Entre 3 a 4 horas.","Hip-Hop, Rap, Freestyle","Rock","En su casa o de familiares., En casa de amigos., En el transporte público, En el lugar de estudio, En otros lugares","Muy importante"
2024-05-11 19:27:34.639,"montseromorojas@gmail.com","Oliver Delherbe","Sí","Mujer cisgénero","23.0",2020,"Buin","Clase social media - baja","Técnico Nivel Superior (Carreras 1 a 3 años)","Educación Media Técnica Profesional","Particular","1 o 2 horas al día","1 o 2 horas al día","Ligera","5.6","Insatisfecho",4,"Mucho","A veces, dependiendo de la situación puedo o no identificar si estoy estresado por la universidad.","Tensión o dolor muscular, Problemas de sueño, Irritabilidad o enojo, Cambios en el apetito, Problemas dermatológicos, Sudoración excesiva, Tics Nerviosos","Apoyo social (hablar con amigos/familia), Consulta con un profesional de salud mental, Participar en otras actividades creativas (música, arte, escritura)","Creencia moderada","No tengo una afiliación religiosa, pero si me considero una persona espiritual (por ejemplo, creo en las energías).","No mantengo prácticas relacionadas a lo espiritual o lo religioso.","No, no he asistido","Menos influyente","4 horas o más","Mantenerse en contacto con amigos y familiares, Compartir mi propia vida y experiencias, Consumir contenido de entretenimiento (humor, arte, cultura), Seguir a marcas, celebridades, artistas (músicos/as, actores/actrices, humoristas) o deportistas., Obtener información de noticias y eventos, Seguir a políticos/as o activistas sociales, Seguir a instituciones o personas del mundo académico o científico","Sí","No me estresa","TikTok","Instagram","Bastante tiempo.","3 a 4 veces.","A veces, intento encontrar un equilibrio, pero no siempre lo logro.","Ver series y / o películas., Jugar videojuegos., Escuchar música., Bailar y/o Cantar","Sí, con un instructor o grupo","Importante.",7,8,"No","No","Frecuencia moderada (de 2 a 3 veces por semana)",7,"Entre 3 a 4 horas.","Reggaetón","Pop","En su casa o de familiares., En el transporte público, En el lugar de estudio","Muy importante"
2024-05-13 15:25:40.777,"raphaelcm2003@gmail.com","Catalina Fuentes","Sí","Hombre cisgénero","20.0",2023,"San Miguel","Clase social media","Enseñanza básica completa","Educación Media","Particular subvencionado","1 o 2 horas al día","1 o 2 horas al día","Moderada","5.9","Satisfecho",4,"Bastante","A veces, dependiendo de la situación puedo o no identificar si estoy estresado por la universidad.","Tensión o dolor muscular","Organización y planificación del tiempo, Tomar descansos regulares","Escéptico","No tengo una afiliación religiosa, pero si me considero una persona espiritual (por ejemplo, creo en las energías).","No mantengo prácticas relacionadas a lo espiritual o lo religioso.","No, no he asistido","No influyente en absoluto","Entre 1 a 2 horas","Mantenerse en contacto con amigos y familiares, Consumir contenido de entretenimiento (humor, arte, cultura), Seguir a marcas, celebridades, artistas (músicos/as, actores/actrices, humoristas) o deportistas.","No","Desconectándome temporalmente","Instagram","Youtube","Suficiente tiempo.","3 a 4 veces.","A veces, intento encontrar un equilibrio, pero no siempre lo logro.","Escuchar música., ver programas de humor","Sí, con un instructor o grupo","Importante.",3,6,"No","No","Baja frecuencia (1 vez a la semana)",7,"Entre 1 a 2 horas.","Hip-Hop, Rap, Freestyle","Cumbia","En su casa o de familiares., En el transporte público, En el lugar de estudio, En otros lugares","Muy importante"
2024-05-14 15:45:34.739,"marchant.gorichon@gmail.com","Alonso Silva","Sí","Hombre cisgénero","19.0",2023,"Providencia","Clase social media","Profesional (Carreras 4 o más años)","Magíster o maestría","Particular","3 o 4 horas al día","1 o 2 horas al día","Moderada",NA,"Insatisfecho",4,"Moderado","Si, se identificar cuando estoy estresado debido a la universidad","Dolores de Cabeza, Problemas de sueño, Cambios en el apetito","Ejercicio físico, Técnicas de relajación (como de respiración o relajación muscular)","Creencia moderada","Catolico","Al menos una vez a la semana. Cuando siento la necesidad.","Sí, asisto","No influyente en absoluto","Entre 1 a 2 horas","Mantenerse en contacto con amigos y familiares, Compartir mi propia vida y experiencias, Obtener información de noticias y eventos","No","No me estresa","Instagram","WhatsApp","Suficiente tiempo.","3 a 4 veces.","No, no administro mi tiempo de manera óptima cuando tengo muchas obligaciones académicas.","Leer. y/o Escribir, Escuchar música., Practicar deporte / ejercitarse.","Sí, con un instructor o grupo","Importante.",8,8,"Si","No","Frecuencia moderada (de 2 a 3 veces por semana)",7,"Entre 3 a 4 horas.","Trap","Folklore","En su casa o de familiares., En el lugar de estudio, En otros lugares","Muy importante"
2024-05-14 20:09:55.641,"Dafarian@alumnos.uahurtado.cl","Samanta Letelier","Sí","Mujer cisgénero","20.0",2023,"Melipilla","Clase social media","Educación básica completa","Educación Media","Particular subvencionado","3 o 4 horas al día","1 o 2 horas al día","Moderada","48.0","Insatisfecho",4,"Bastante","Si, se identificar cuando estoy estresado debido a la universidad","Dolores de Cabeza, Tensión o dolor muscular, Dolor en el pecho","Ejercicio físico, Tomar descansos regulares","No creencias","Agnóstico","No mantengo prácticas relacionadas a lo espiritual o lo religioso.","No, no he asistido","No influyente en absoluto","Entre 1 a 2 horas","Consumir contenido de entretenimiento (humor, arte, cultura), Participar en grupos o comunidades de interés (Ej: Grupo de Instagram de fans de Los Bunkers)","No","No me estresa","Instagram","TikTok","Poco tiempo.","3 a 4 veces.","No, no administro mi tiempo de manera óptima cuando tengo muchas obligaciones académicas.","Leer. y/o Escribir, Ver series y / o películas., Escuchar música., Bailar y/o Cantar","No, las realizo de forma individual","Muy importante.",7,8,"No","No","Baja frecuencia (1 vez a la semana)",7,"Más de 7 horas.","K-Pop","Pop","En su casa o de familiares., En el transporte público, En el lugar de estudio, En otros lugares","Muy importante"
2024-05-15 18:23:05.114,"gabrilfuentesm@gmail.com","Sofía Ballerino","Sí","Mujer cisgénero","22.0",2020,"Melipilla","Clase social media - baja","Educación Media Técnica Profesional","Educación Media","Particular subvencionado","1 o 2 horas al día","1 o 2 horas al día","Ligera","6.1","Muy satisfecho",3,"Moderado","Si, se identificar cuando estoy estresado debido a la universidad","Dolores de Cabeza, Tensión o dolor muscular, Dolor en el pecho, Problemas de sueño, Problemas dermatológicos, Tics Nerviosos","Tomar descansos regulares","Escéptico","No tengo una afiliación religiosa, pero si me considero una persona espiritual (por ejemplo, creo en las energías).","A diario.","No, no he asistido","Menos influyente","Entre 3 a 4 horas","Consumir contenido de entretenimiento (humor, arte, cultura), Obtener información de noticias y eventos, Seguir a políticos/as o activistas sociales, Seguir a instituciones o personas del mundo académico o científico","No","Bloqueando o reportando usuarios problemáticos","WhatsApp","Instagram","Bastante tiempo.","3 a 4 veces.","A veces, intento encontrar un equilibrio, pero no siempre lo logro.","Leer. y/o Escribir, Escuchar música., Salir con amigos / familia.","No, las realizo de forma individual","Muy importante.",7,5,"Si","No","Baja frecuencia (1 vez a la semana)",7,"Más de 7 horas.","Funk","R&B","En su casa o de familiares., En casa de amigos., En el transporte público, En el lugar de estudio, En otros lugares","Muy importante"
